"chromosome","snp.name","cM","position","allele.1","allele.2"
19,"rs10853952",0.0355485,1163934,"T","C"
19,"rs11878692",0.161961,1185924,"C","T"
19,"rs9304882",0.182414,1189482,"G","T"
19,"rs7252565",0.20131,1192769,"C","T"
19,"rs35576999",0.241016,1199676,"A","G"
19,"rs3764640",0.284487,1207238,"T","G"
19,"rs2075604",0.349361,1218523,"A","C"
19,"rs2301759",0.466495,1238899,"G","A"
19,"rs968698",0.606761,1263299,"T","G"
19,"rs12975875",0.634809,1268178,"G","A"
19,"rs12609287",0.652606,1271274,"G","A"
19,"rs12488",0.65701,1272040,"A","G"
19,"rs10417091",0.745234,1287387,"T","G"
19,"rs1558130",0.830762,1302265,"C","T"
19,"rs1558133",0.834786,1302965,"C","T"
19,"rs8110307",0.873199,1309647,"A","G"
19,"rs12975216",0.878085,1310497,"T","C"
19,"rs9749349",0.988125,1329639,"T","C"
19,"rs7260480",1.09462,1348164,"A","G"
19,"rs11670805",1.11619,1351916,"A","G"
19,"rs713042",1.14589,1357082,"T","C"
19,"rs2285972",1.15534,1358726,"G","A"
19,"rs8109377",1.16313,1360082,"A","G"
19,"rs3826942",1.16596,1360575,"G","A"
19,"rs17673260",1.18741,1364306,"C","T"
19,"rs2526133",1.1949,1365608,"G","A"
19,"rs2668423",1.22317,1370526,"A","C"
19,"rs266805",1.25879,1376723,"C","T"
19,"rs3848638",1.29861,1383649,"T","G"
19,"rs7254913",1.32546,1388320,"G","A"
19,"rs1142530",1.32671,1388538,"C","T"
19,"rs11666067",1.33234,1389517,"G","T"
19,"rs2074896",1.34121,1391059,"A","C"
19,"rs7251282",1.4437,1408889,"A","G"
19,"rs265271",1.45293,1410493,"T","G"
19,"rs3786978",1.47064,1413574,"C","T"
19,"rs698748",1.53568,1424888,"A","G"
19,"rs11666805",1.5389,1425448,"T","C"
19,"rs3786984",1.54993,1427368,"C","T"
19,"rs3760994",1.59824,1435771,"A","G"
19,"rs3760995",1.60458,1436874,"G","T"
19,"rs8100004",1.68725,1451254,"A","G"
19,"rs8100017",1.68736,1451274,"A","G"
19,"rs12972390",1.90893,1489817,"A","G"
19,"rs791470",1.91402,1490703,"T","C"
19,"rs12459408",1.94032,1495277,"T","C"
19,"rs2244794",1.95057,1497060,"A","G"
19,"rs2244801",1.95092,1497121,"A","C"
19,"rs171948",1.99026,1503964,"T","C"
19,"rs197198",2.00123,1505874,"G","A"
19,"rs791461",2.01078,1507535,"T","C"
19,"rs6510612",2.06687,1517292,"C","T"
19,"rs2332497",2.08579,1520582,"T","G"
19,"rs2292453",2.11963,1526470,"A","G"
19,"rs2656865",2.14027,1530060,"T","C"
19,"rs11084901",2.1741,1535945,"A","G"
19,"rs10164385",2.17749,1536534,"T","C"
19,"rs1875960",2.18285,1537467,"A","G"
19,"rs11878864",2.18653,1538107,"C","T"
19,"rs1809978",2.21191,1542522,"G","A"
19,"rs10402423",2.23294,1546180,"A","G"
19,"rs10405028",2.23312,1546211,"G","A"
19,"rs10406647",2.23733,1546944,"G","A"
19,"rs4807121",2.25864,1550650,"G","A"
19,"rs2238591",2.42844,1580189,"G","A"
19,"rs7252741",2.42928,1580334,"G","A"
19,"rs4807934",2.4631,1586217,"A","G"
19,"rs8110543",2.47946,1589064,"A","G"
19,"rs1052918",2.59791,1609669,"G","A"
19,"rs2074888",2.63314,1615796,"A","G"
19,"rs2012125",2.71675,1630341,"G","T"
19,"rs740436",2.7412,1634595,"G","A"
19,"rs1860661",2.83053,1650134,"G","A"
19,"rs758869",2.93416,1668161,"T","C"
19,"rs4807948",2.96491,1673509,"A","G"
19,"rs12460684",2.96654,1673793,"C","T"
19,"rs7351116",3.01818,1682776,"A","G"
19,"rs4392177",3.026,1684137,"C","T"
19,"rs8103420",3.0295,1684746,"A","G"
19,"rs7258039",3.03414,1685552,"C","T"
19,"rs8107350",3.06485,1690895,"T","G"
19,"rs10405317",3.06962,1691725,"G","T"
19,"rs11084906",3.08946,1695176,"G","A"
19,"rs1024625",3.16046,1707526,"C","T"
19,"rs2041218",3.19134,1712898,"A","C"
19,"rs4807953",3.23407,1720332,"G","A"
19,"rs10413694",3.25207,1723463,"C","T"
19,"rs4807954",3.268,1726233,"A","G"
19,"rs4411624",3.31965,1735218,"A","G"
19,"rs17827916",3.32071,1735402,"T","C"
19,"rs8100056",3.36628,1743329,"G","A"
19,"rs11666934",3.3713,1744203,"T","C"
19,"rs10412454",3.48382,1763776,"T","G"
19,"rs4426464",3.49256,1765297,"T","C"
19,"rs12978813",3.50084,1766737,"A","C"
19,"rs4807140",3.54259,1773999,"T","C"
19,"rs11084908",3.58789,1781879,"C","T"
19,"rs1054597",3.58967,1782189,"T","C"
19,"rs757528",3.59317,1782798,"C","T"
19,"rs2385387",3.59583,1783261,"T","C"
19,"rs6510624",3.5989,1783794,"T","C"
19,"rs7247364",3.60129,1784211,"A","G"
19,"rs3764605",3.6052,1784890,"G","A"
19,"rs3764606",3.60551,1784944,"G","A"
19,"rs8100003",3.6518,1792997,"C","T"
19,"rs8100856",3.67002,1796166,"A","G"
19,"rs7253430",3.71265,1803582,"A","C"
19,"rs17604735",3.7324,1807018,"G","A"
19,"rs7249302",3.74197,1808683,"A","G"
19,"rs7250872",3.75876,1811603,"T","C"
19,"rs4807144",3.77142,1813805,"T","C"
19,"rs2289286",3.82237,1822668,"G","A"
19,"rs732310",3.8837,1833338,"G","T"
19,"rs4807156",4.10217,1871341,"A","G"
19,"rs3810416",4.16783,1882762,"G","A"
19,"rs1610107",4.17168,1883433,"G","A"
19,"rs754799",4.29343,1904612,"C","A"
19,"rs10410479",4.36996,1917925,"T","C"
19,"rs4807169",4.38386,1920342,"C","T"
19,"rs1036592",4.38599,1920712,"G","A"
19,"rs11084919",4.39683,1922599,"T","G"
19,"rs6510629",4.41287,1925389,"T","C"
19,"rs8730",4.41605,1925942,"C","T"
19,"rs7259201",4.41654,1926027,"A","G"
19,"rs12459738",4.45546,1932798,"A","G"
19,"rs17684904",4.46197,1933930,"T","C"
19,"rs10412162",4.47875,1936848,"A","G"
19,"rs4534977",4.56637,1952090,"G","A"
19,"rs11669357",4.56922,1952586,"G","T"
19,"rs2396366",4.57068,1952841,"T","C"
19,"rs2041120",4.62031,1961474,"A","G"
19,"rs740423",4.71687,1978271,"T","C"
19,"rs7247847",4.7383,1981999,"A","C"
19,"rs3746060",4.7578,1985391,"C","T"
19,"rs7254820",4.76392,1986455,"C","T"
19,"rs11669527",4.76865,1987279,"A","G"
19,"rs7251590",4.78353,1989867,"T","C"
19,"rs3810414",4.8041,1993444,"G","A"
19,"rs1610045",4.82662,1997363,"G","A"
19,"rs881654",4.83798,1999338,"T","G"
19,"rs11084925",4.8592,2003029,"C","T"
19,"rs4405674",4.91351,2012477,"G","T"
19,"rs10421179",4.91768,2013203,"A","G"
19,"rs11670188",4.92248,2014037,"C","T"
19,"rs6510636",4.96773,2021909,"A","G"
19,"rs7257116",5.00841,2028985,"T","C"
19,"rs2395891",5.02659,2032148,"T","G"
19,"rs8108208",5.0381,2034151,"A","G"
19,"rs1599860",5.09573,2044175,"T","G"
19,"rs10416531",5.17467,2057907,"G","T"
19,"rs10416239",5.17711,2058331,"A","G"
19,"rs10414066",5.19656,2061715,"A","G"
19,"rs734931",5.20979,2064016,"G","T"
19,"rs2018771",5.21325,2064619,"T","G"
19,"rs740443",5.24387,2069944,"T","C"
19,"rs758145",5.26411,2073466,"G","A"
19,"rs2074894",5.29298,2078488,"C","T"
19,"rs7256023",5.30197,2080051,"T","C"
19,"rs1004320",5.31707,2082678,"A","G"
19,"rs4806827",5.38556,2094592,"A","G"
19,"rs12104154",5.40418,2097832,"A","G"
19,"rs7253456",5.40524,2098015,"C","T"
19,"rs9967630",5.41561,2099820,"T","C"
19,"rs11667034",5.4393,2103941,"A","G"
19,"rs20567",5.47842,2110746,"T","C"
19,"rs2240652",5.49436,2113518,"T","C"
19,"rs2240655",5.50742,2115790,"T","C"
19,"rs2072304",5.55183,2123516,"C","T"
19,"rs1017084",5.57792,2128054,"G","A"
19,"rs2238595",5.62235,2135783,"T","C"
19,"rs2108825",5.62656,2136515,"C","T"
19,"rs3803915",5.76461,2160529,"A","C"
19,"rs960491",5.788,2164599,"T","C"
19,"rs2108524",5.82344,2170764,"C","T"
19,"rs12986413",5.82454,2170954,"T","A"
19,"rs12459350",5.85691,2176586,"G","A"
19,"rs12982744",5.8604,2177193,"G","C"
19,"rs3810409",5.8795,2180515,"T","C"
19,"rs12980348",5.88577,2181607,"G","T"
19,"rs2864419",5.89479,2183175,"A","C"
19,"rs4368272",5.89644,2183462,"C","T"
19,"rs7248941",5.93799,2190690,"C","T"
19,"rs2269879",5.96217,2194896,"T","C"
19,"rs2074554",5.98778,2199351,"G","A"
19,"rs2240130",6.00242,2201898,"T","C"
19,"rs1003531",6.02931,2206575,"T","G"
19,"rs12983678",6.0333,2207269,"T","C"
19,"rs2301800",6.05503,2211050,"A","G"
19,"rs2074552",6.07232,2214057,"C","T"
19,"rs12462556",6.11678,2221792,"C","T"
19,"rs12459507",6.1317,2224387,"G","T"
19,"rs7253181",6.21379,2238667,"G","T"
19,"rs3761021",6.2275,2241052,"C","T"
19,"rs733846",6.22908,2241327,"C","A"
19,"rs7249235",6.23772,2242829,"T","G"
19,"rs2074860",6.24486,2244072,"C","T"
19,"rs4806834",6.3385,2260361,"A","G"
19,"rs12985777",6.38273,2268055,"T","C"
19,"rs2074458",6.40392,2271741,"C","T"
19,"rs2523177",6.42023,2274578,"T","C"
19,"rs2523178",6.42311,2275079,"T","C"
19,"rs11668489",6.45708,2280988,"A","G"
19,"rs1476564",6.46759,2282816,"G","A"
19,"rs6510654",6.4799,2284958,"C","T"
19,"rs757233",6.48127,2285196,"G","A"
19,"rs8112989",6.53348,2294279,"A","C"
19,"rs8111911",6.60417,2306575,"C","T"
19,"rs16991095",6.62821,2310756,"A","C"
19,"rs730417",6.66793,2317666,"C","T"
19,"rs4807227",6.67088,2318180,"G","A"
19,"rs11084931",6.67648,2319153,"C","A"
19,"rs12983575",6.71108,2325172,"T","G"
19,"rs2270048",6.71707,2326215,"A","G"
19,"rs11666344",6.72895,2328281,"C","T"
19,"rs11878710",6.77337,2336008,"G","A"
19,"rs3746285",6.79603,2339949,"A","G"
19,"rs12982784",6.83588,2346882,"A","G"
19,"rs12460552",6.89103,2356475,"A","G"
19,"rs757322",6.9162,2360854,"T","C"
19,"rs17763599",6.96541,2369415,"A","C"
19,"rs2385174",6.96838,2369931,"A","G"
19,"rs4806839",6.98194,2372289,"T","C"
19,"rs4806840",6.98417,2372678,"G","A"
19,"rs4807246",6.99231,2374093,"A","G"
19,"rs2894565",7.07825,2389044,"G","A"
19,"rs7252511",7.11964,2396243,"A","G"
19,"rs10407225",7.13462,2398849,"C","T"
19,"rs17685104",7.15856,2403014,"C","T"
19,"rs7248779",7.16172,2403564,"C","A"
19,"rs7254110",7.17319,2405559,"G","A"
19,"rs3848632",7.19795,2409865,"A","G"
19,"rs3848635",7.20063,2410332,"C","T"
19,"rs17763674",7.23004,2415448,"G","T"
19,"rs11084939",7.24489,2418031,"T","C"
19,"rs735911",7.26872,2422177,"A","G"
19,"rs4806847",7.30113,2427815,"C","T"
19,"rs743578",7.31503,2430232,"C","T"
19,"rs4807263",7.32101,2431272,"C","A"
19,"rs11084940",7.33606,2433890,"G","A"
19,"rs1865111",7.36037,2438119,"T","C"
19,"rs2288943",7.36477,2438884,"C","T"
19,"rs4806849",7.41266,2447215,"T","G"
19,"rs7253984",7.44132,2452200,"G","A"
19,"rs2893615",7.47608,2458247,"A","C"
19,"rs4453628",7.51913,2465737,"A","G"
19,"rs1548708",7.6047,2480622,"T","C"
19,"rs13345846",7.62247,2483713,"T","C"
19,"rs929461",7.62875,2484806,"G","A"
19,"rs11670333",7.63364,2485656,"T","C"
19,"rs4806857",7.6463,2487858,"G","A"
19,"rs10410637",7.66814,2491658,"C","T"
19,"rs2392644",7.66973,2491934,"G","A"
19,"rs4807284",7.68052,2493811,"T","C"
19,"rs11084942",7.68302,2494245,"C","T"
19,"rs8113001",7.71626,2500027,"C","T"
19,"rs8100484",7.71755,2500252,"C","A"
19,"rs11084943",7.73696,2503628,"G","A"
19,"rs10416524",7.74908,2505737,"C","T"
19,"rs17755100",7.79012,2512876,"A","G"
19,"rs3752174",7.79983,2514565,"T","C"
19,"rs17755118",7.80079,2514732,"A","G"
19,"rs12985186",7.80735,2515874,"G","A"
19,"rs3764584",7.82992,2520716,"A","G"
19,"rs4807291",7.84482,2524685,"A","C"
19,"rs887030",7.85991,2528705,"A","C"
19,"rs4806864",7.875,2532725,"C","T"
19,"rs8111499",7.87835,2533616,"T","G"
19,"rs10414848",7.88173,2534518,"C","T"
19,"rs16989558",7.89731,2538668,"G","A"
19,"rs8113423",7.91235,2542673,"C","T"
19,"rs6510683",7.92865,2547015,"C","A"
19,"rs12979344",7.93547,2548832,"T","G"
19,"rs10425543",7.93686,2549201,"A","G"
19,"rs8112408",7.94,2550038,"G","T"
19,"rs887270",7.94305,2550852,"G","A"
19,"rs7260635",7.94537,2551470,"C","T"
19,"rs2907334",7.9768,2559841,"T","C"
19,"rs12975010",7.99683,2565176,"A","G"
19,"rs11671754",8.01209,2569242,"A","G"
19,"rs10416033",8.01474,2569946,"A","C"
19,"rs10416569",8.02495,2572666,"A","G"
19,"rs10425927",8.02808,2573501,"C","T"
19,"rs16991216",8.02958,2573900,"A","C"
19,"rs2907339",8.04582,2578227,"A","G"
19,"rs3936139",8.08092,2587576,"T","C"
19,"rs2965208",8.13436,2601811,"C","T"
19,"rs7250204",8.14651,2605046,"A","G"
19,"rs7250828",8.14683,2605133,"C","T"
19,"rs2873409",8.15892,2608353,"G","A"
19,"rs10411547",8.19297,2617422,"G","T"
19,"rs7257500",8.19943,2619143,"T","G"
19,"rs12462730",8.23131,2627635,"T","C"
19,"rs8101536",8.23961,2629845,"T","C"
19,"rs4806871",8.25918,2635059,"G","A"
19,"rs7259745",8.26942,2637787,"C","T"
19,"rs759065",8.30053,2646072,"C","T"
19,"rs9630890",8.31234,2649218,"T","C"
19,"rs11880582",8.3154,2650034,"G","A"
19,"rs2110119",8.38514,2668611,"A","G"
19,"rs6510696",8.41668,2677012,"A","G"
19,"rs10412559",8.50142,2699585,"C","T"
19,"rs7343093",8.5701,2717880,"T","C"
19,"rs10409851",8.60134,2726199,"C","T"
19,"rs759072",8.61174,2728971,"T","G"
19,"rs4806874",8.64696,2738352,"G","A"
19,"rs10415622",8.652,2739696,"G","A"
19,"rs7257863",8.67762,2746519,"A","C"
19,"rs12608998",8.70296,2753270,"T","G"
19,"rs8105402",8.70564,2753983,"T","C"
19,"rs7008",8.70937,2754978,"C","T"
19,"rs2238614",8.71073,2755339,"A","G"
19,"rs12973643",8.73092,2760716,"T","C"
19,"rs1860938",8.73152,2760878,"G","T"
19,"rs12232867",8.74133,2763489,"C","T"
19,"rs741103",8.77193,2771641,"C","T"
19,"rs2110118",8.78508,2775144,"C","T"
19,"rs4807330",8.79453,2777662,"A","G"
19,"rs1640262",8.80006,2779134,"C","T"
19,"rs1736192",8.82087,2784678,"A","G"
19,"rs2260416",8.86471,2796355,"T","C"
19,"rs1736181",8.86977,2797703,"T","C"
19,"rs1640271",8.87832,2799979,"T","C"
19,"rs2159561",8.98088,2827300,"A","G"
19,"rs8109470",8.99231,2830344,"A","G"
19,"rs885704",9.0039,2833431,"C","T"
19,"rs8107668",9.00444,2833576,"G","A"
19,"rs867168",9.00529,2833802,"G","A"
19,"rs867169",9.00553,2833864,"T","C"
19,"rs1029844",9.01536,2836483,"C","T"
19,"rs1029845",9.01602,2836660,"G","A"
19,"rs1610062",9.04182,2843533,"G","A"
19,"rs758769",9.04952,2845583,"C","T"
19,"rs4806877",9.05318,2846557,"C","T"
19,"rs4806878",9.05402,2846782,"A","G"
19,"rs10412087",9.07949,2853566,"T","C"
19,"rs4807347",9.09346,2857287,"A","C"
19,"rs1054638",9.0946,2857590,"A","G"
19,"rs887500",9.1141,2862785,"C","A"
19,"rs1883037",9.1182,2863877,"G","A"
19,"rs10164335",9.13261,2867717,"C","A"
19,"rs10421121",9.16884,2877365,"T","C"
19,"rs7507593",9.20967,2888242,"A","G"
19,"rs12611405",9.22383,2892015,"G","A"
19,"rs8100809",9.24187,2896818,"G","A"
19,"rs8103080",9.24305,2897133,"T","C"
19,"rs4807358",9.25576,2900518,"G","A"
19,"rs4806887",9.26289,2902419,"C","T"
19,"rs11084971",9.27601,2905913,"G","T"
19,"rs3855680",9.27812,2906475,"C","A"
19,"rs4807359",9.27842,2906556,"A","C"
19,"rs7254653",9.28253,2907650,"G","A"
19,"rs2288958",9.31871,2917287,"A","C"
19,"rs10410539",9.31993,2917612,"T","C"
19,"rs4474816",9.36946,2930806,"C","T"
19,"rs3786948",9.3795,2933480,"G","A"
19,"rs3746073",9.38251,2934282,"A","G"
19,"rs12609268",9.40171,2939396,"C","T"
19,"rs4806891",9.43083,2947152,"G","A"
19,"rs10411527",9.4438,2950607,"A","G"
19,"rs11666431",9.45311,2953087,"A","G"
19,"rs8111642",9.4876,2962275,"A","G"
19,"rs11667371",9.54185,2976724,"T","C"
19,"rs929535",9.54528,2977638,"A","G"
19,"rs488211",9.54591,2977807,"C","A"
19,"rs4807380",9.55515,2980269,"T","C"
19,"rs522982",9.57089,2984460,"G","A"
19,"rs493839",9.61426,2996014,"A","G"
19,"rs390258",9.61548,2996339,"G","A"
19,"rs423232",9.61602,2996483,"G","A"
19,"rs14089",9.62093,2997790,"C","T"
19,"rs11150",9.62133,2997897,"T","C"
19,"rs216276",9.64722,3004792,"T","C"
19,"rs83488",9.65278,3006274,"G","A"
19,"rs11084990",9.66384,3009220,"G","T"
19,"rs216284",9.66597,3009788,"T","C"
19,"rs3760961",9.67943,3013374,"C","T"
19,"rs216271",9.68034,3013616,"A","G"
19,"rs12984707",9.68735,3015481,"T","G"
19,"rs7249809",9.7069,3020691,"C","T"
19,"rs2116964",9.71809,3023670,"G","A"
19,"rs10412849",9.72167,3024624,"T","C"
19,"rs1688128",9.75739,3030168,"G","A"
19,"rs1654678",9.78959,3034077,"A","G"
19,"rs10404481",9.8035,3035766,"A","C"
19,"rs1688114",9.82015,3037787,"G","A"
19,"rs306048",9.83965,3040154,"A","C"
19,"rs11084993",9.8609,3042734,"G","A"
19,"rs415945",9.94816,3053326,"C","A"
19,"rs7938",9.9502,3053574,"G","A"
19,"rs4807391",9.95838,3054567,"A","G"
19,"rs307716",9.9803,3057228,"A","C"
19,"rs307717",9.98683,3058021,"T","C"
19,"rs367825",10.0312,3063409,"A","G"
19,"rs11084994",10.0725,3068427,"A","G"
19,"rs10413635",10.0727,3068450,"C","T"
19,"rs307712",10.1416,3076808,"G","A"
19,"rs8109448",10.1547,3078394,"A","G"
19,"rs4806907",10.2763,3093163,"G","A"
19,"rs1104737",10.3062,3096788,"T","G"
19,"rs308052",10.3708,3104629,"T","C"
19,"rs2238625",10.371,3104652,"C","T"
19,"rs308054",10.382,3105987,"A","G"
19,"rs308063",10.4317,3112023,"G","A"
19,"rs411386",10.4472,3113903,"G","T"
19,"rs3786947",10.4498,3114229,"A","G"
19,"rs3746069",10.4551,3114864,"A","G"
19,"rs308049",10.4704,3116725,"T","C"
19,"rs12459355",10.6037,3132905,"G","T"
19,"rs310686",10.6115,3133853,"A","G"
19,"rs1688124",10.6874,3143069,"A","C"
19,"rs432893",10.6884,3143182,"T","C"
19,"rs399725",10.6892,3143283,"G","T"
19,"rs2302063",10.748,3150418,"A","C"
19,"rs2238628",10.7691,3152982,"A","G"
19,"rs2074864",10.7918,3155736,"G","A"
19,"rs2074865",10.7931,3155902,"A","G"
19,"rs1614080",10.8145,3158498,"T","C"
19,"rs11880198",10.825,3159769,"G","A"
19,"rs17347521",10.8301,3160385,"C","T"
19,"rs1637655",10.8478,3162538,"G","A"
19,"rs1637656",10.8509,3162909,"T","C"
19,"rs1682809",10.8755,3165895,"T","C"
19,"rs567806",10.9692,3177279,"T","C"
19,"rs3746070",10.9872,3181066,"T","C"
19,"rs562257",11.0013,3184083,"A","G"
19,"rs507905",11.0082,3185563,"C","T"
19,"rs12459551",11.0255,3189278,"T","C"
19,"rs311617",11.0599,3196667,"T","C"
19,"rs2304250",11.0836,3201734,"T","C"
19,"rs3816054",11.1101,3207422,"C","T"
19,"rs312077",11.1278,3211221,"T","C"
19,"rs11085004",11.1465,3215237,"A","G"
19,"rs426633",11.182,3222856,"A","G"
19,"rs312058",11.2018,3227102,"A","G"
19,"rs4807425",11.2117,3229224,"T","C"
19,"rs4807426",11.2395,3235188,"G","A"
19,"rs10412307",11.3178,3251994,"T","C"
19,"rs12610909",11.3221,3252909,"A","G"
19,"rs10424718",11.3255,3253630,"T","G"
19,"rs4807434",11.3507,3259054,"T","G"
19,"rs17696630",11.3645,3261995,"A","G"
19,"rs312929",11.406,3273188,"G","A"
19,"rs11879556",11.4226,3278206,"A","G"
19,"rs1864226",11.4435,3284500,"A","G"
19,"rs313784",11.4736,3293593,"T","C"
19,"rs17674346",11.4752,3294078,"C","T"
19,"rs2278292",11.476,3294320,"G","A"
19,"rs7252291",11.4931,3299482,"A","C"
19,"rs453679",11.4959,3300339,"C","T"
19,"rs4807437",11.5247,3309021,"T","G"
19,"rs8111488",11.534,3311830,"A","G"
19,"rs11670004",11.5452,3315216,"A","G"
19,"rs313776",11.5469,3315718,"C","A"
19,"rs11669592",11.5561,3318510,"A","G"
19,"rs10445612",11.5671,3321816,"G","A"
19,"rs4807441",11.5724,3323420,"T","C"
19,"rs7247434",11.59,3328734,"G","A"
19,"rs28859095",11.5935,3329809,"C","T"
19,"rs10405694",11.6349,3342306,"A","G"
19,"rs11085013",11.6547,3348269,"G","A"
19,"rs759635",11.6667,3351890,"G","A"
19,"rs4807451",11.6768,3354956,"G","A"
19,"rs10402236",11.6861,3357780,"T","G"
19,"rs11670745",11.6879,3358321,"A","G"
19,"rs3810421",11.7122,3365639,"G","A"
19,"rs11085016",11.7349,3372514,"A","G"
19,"rs718202",11.7422,3374702,"A","G"
19,"rs10422402",11.7566,3379046,"A","G"
19,"rs11670339",11.7904,3389271,"G","A"
19,"rs10426280",11.7942,3390416,"C","T"
19,"rs4806928",11.8174,3397431,"G","A"
19,"rs3922397",11.8367,3403231,"A","G"
19,"rs7255927",11.8559,3409056,"C","T"
19,"rs12981408",11.8645,3411646,"G","T"
19,"rs12982509",11.8659,3412057,"G","A"
19,"rs4806933",11.8724,3414020,"A","G"
19,"rs12975319",11.8726,3414088,"T","C"
19,"rs10424563",11.8874,3418556,"A","G"
19,"rs4806934",11.9328,3432252,"C","T"
19,"rs2074977",11.9386,3434028,"C","A"
19,"rs2302219",11.9393,3434224,"A","G"
19,"rs11085019",11.9587,3440080,"T","G"
19,"rs11085020",11.9786,3446107,"G","A"
19,"rs10410814",12.0332,3462574,"A","G"
19,"rs4807475",12.0528,3468503,"T","C"
19,"rs740568",12.062,3471275,"A","G"
19,"rs1860192",12.0961,3481578,"G","A"
19,"rs4614855",12.1151,3487327,"A","C"
19,"rs7255097",12.118,3488180,"T","C"
19,"rs10421781",12.1183,3488287,"G","A"
19,"rs11672955",12.1959,3511709,"A","G"
19,"rs4807485",12.2376,3524311,"A","C"
19,"rs10155",12.2725,3534842,"A","G"
19,"rs7248491",12.2999,3543109,"A","G"
19,"rs12976454",12.306,3544971,"A","G"
19,"rs10424296",12.3089,3545850,"T","C"
19,"rs2240754",12.3296,3552093,"A","G"
19,"rs11085023",12.3937,3571446,"G","A"
19,"rs8113232",12.4437,3586543,"T","C"
19,"rs17348907",12.4562,3590334,"C","T"
19,"rs2108389",12.4604,3591590,"T","C"
19,"rs16991953",12.4622,3592133,"C","T"
19,"rs8105780",12.4623,3592171,"A","G"
19,"rs10411250",12.4646,3592855,"A","C"
19,"rs2238630",12.5024,3604265,"A","G"
19,"rs2238631",12.5025,3604299,"A","G"
19,"rs2238633",12.5033,3604549,"A","C"
19,"rs1476707",12.5239,3610776,"A","G"
19,"rs3746125",12.5509,3618928,"T","C"
19,"rs4807492",12.5629,3622535,"G","A"
19,"rs11085029",12.5705,3624838,"G","A"
19,"rs10406036",12.5735,3625754,"T","G"
19,"rs10412882",12.5747,3626114,"C","T"
19,"rs2271875",12.5774,3626922,"T","C"
19,"rs4807493",12.591,3631036,"T","C"
19,"rs10405681",12.6009,3634019,"G","A"
19,"rs1004323",12.631,3643093,"C","T"
19,"rs12460780",12.6404,3645947,"T","C"
19,"rs2270083",12.6427,3646642,"C","T"
19,"rs2074957",12.6655,3653525,"C","T"
19,"rs10432303",12.6759,3656652,"T","C"
19,"rs757454",12.689,3660619,"T","C"
19,"rs8109485",12.7005,3664094,"G","A"
19,"rs11672559",12.7416,3676507,"A","G"
19,"rs1476592",12.7523,3679740,"G","A"
19,"rs10419980",12.7701,3685116,"T","C"
19,"rs740873",12.8139,3698333,"A","G"
19,"rs4432372",12.8156,3698842,"C","T"
19,"rs613648",12.8494,3709064,"C","T"
19,"rs1985358",12.9156,3729042,"G","T"
19,"rs1879039",12.9249,3731847,"A","G"
19,"rs1879040",12.9253,3731985,"A","G"
19,"rs2302304",12.9308,3733651,"A","G"
19,"rs487980",12.9427,3737241,"C","T"
19,"rs7252434",12.9508,3739673,"T","C"
19,"rs475112",12.9702,3745546,"G","A"
19,"rs501168",12.972,3746087,"A","G"
19,"rs1046268",12.987,3750615,"A","G"
19,"rs1046271",12.987,3750622,"T","G"
19,"rs1046278",12.9872,3750690,"A","C"
19,"rs4807505",12.9878,3750869,"T","C"
19,"rs3746120",12.9975,3753769,"T","C"
19,"rs3746118",13.0264,3762498,"T","C"
19,"rs13960",13.027,3762698,"G","A"
19,"rs11879267",13.0284,3763118,"T","C"
19,"rs8102902",13.048,3769049,"C","A"
19,"rs10419790",13.0589,3772325,"A","G"
19,"rs12610723",13.0841,3779934,"A","C"
19,"rs11085040",13.0919,3782296,"G","T"
19,"rs3746115",13.0945,3783070,"T","C"
19,"rs4807510",13.1249,3792245,"C","A"
19,"rs4807511",13.1252,3792364,"T","C"
19,"rs4806954",13.1661,3804701,"G","A"
19,"rs2285957",13.1732,3806837,"A","C"
19,"rs11671413",13.1875,3811150,"A","G"
19,"rs1106643",13.2098,3817894,"A","G"
19,"rs8110279",13.2447,3828433,"A","G"
19,"rs2240233",13.2549,3831525,"T","G"
19,"rs2240235",13.2557,3831765,"T","C"
19,"rs10401421",13.2639,3834248,"C","T"
19,"rs757437",13.267,3835177,"C","A"
19,"rs739935",13.2673,3835258,"T","C"
19,"rs7256835",13.3206,3851344,"G","T"
19,"rs17810048",13.3343,3855477,"G","A"
19,"rs11670741",13.3359,3855977,"T","C"
19,"rs4807521",13.3382,3856656,"A","G"
19,"rs4807523",13.3669,3865337,"A","G"
19,"rs8110572",13.3685,3865808,"A","G"
19,"rs2060249",13.3715,3866719,"A","G"
19,"rs10401177",13.3976,3874604,"A","G"
19,"rs4806961",13.4118,3878895,"T","C"
19,"rs4806962",13.4123,3879033,"T","C"
19,"rs11085044",13.4507,3890641,"A","G"
19,"rs16992116",13.4868,3901543,"A","G"
19,"rs10853967",13.5246,3912951,"T","C"
19,"rs8102566",13.5414,3918047,"T","C"
19,"rs10412199",13.5737,3927771,"T","C"
19,"rs4807532",13.5756,3928369,"T","C"
19,"rs4807534",13.5839,3930874,"C","T"
19,"rs4807535",13.5849,3931177,"A","G"
19,"rs2304191",13.5917,3933232,"C","T"
19,"rs12459191",13.6101,3938782,"T","C"
19,"rs4807536",13.6139,3939928,"T","C"
19,"rs10406174",13.6282,3944240,"T","C"
19,"rs7255123",13.6751,3958397,"A","G"
19,"rs10426955",13.6882,3962369,"T","C"
19,"rs8113281",13.7007,3966132,"A","G"
19,"rs1008128",13.702,3966520,"C","T"
19,"rs1008076",13.7089,3968605,"T","G"
19,"rs745414",13.7299,3974965,"A","G"
19,"rs3170368",13.7344,3976321,"G","T"
19,"rs36527",13.7383,3977486,"A","G"
19,"rs36526",13.7446,3979408,"T","C"
19,"rs737204",13.7807,3990291,"G","A"
19,"rs735842",13.8363,4007080,"G","A"
19,"rs3760903",13.8501,4011265,"C","T"
19,"rs2028827",13.8924,4024020,"C","T"
19,"rs2289863",13.9081,4028783,"C","T"
19,"rs2305106",13.9371,4037525,"C","T"
19,"rs10402864",13.9463,4040305,"C","T"
19,"rs7245642",13.9884,4053013,"G","A"
19,"rs11880023",14.0602,4074697,"A","G"
19,"rs350912",14.1399,4098776,"T","C"
19,"rs350896",14.187,4112988,"T","C"
19,"rs350895",14.1914,4114310,"T","C"
19,"rs4525614",14.1959,4115684,"A","G"
19,"rs1823059",14.1969,4115993,"A","G"
19,"rs350892",14.1991,4116652,"T","C"
19,"rs12459940",14.2065,4118871,"G","A"
19,"rs350887",14.2069,4119012,"A","G"
19,"rs164632",14.2759,4139849,"A","G"
19,"rs350825",14.2783,4140563,"C","A"
19,"rs350885",14.3011,4147445,"A","C"
19,"rs350880",14.3208,4153400,"T","C"
19,"rs350879",14.3217,4153659,"G","A"
19,"rs350871",14.3323,4156881,"A","G"
19,"rs350852",14.3758,4169998,"C","T"
19,"rs107251",14.3959,4176085,"T","C"
19,"rs350844",14.3991,4177051,"T","C"
19,"rs352493",14.4117,4180836,"C","T"
19,"rs4807546",14.4157,4182060,"G","A"
19,"rs3760905",14.4186,4182939,"T","G"
19,"rs352494",14.4275,4185614,"A","G"
19,"rs2159983",14.4301,4186395,"G","T"
19,"rs7260407",14.4844,4202793,"C","T"
19,"rs10417405",14.4905,4204636,"T","C"
19,"rs8107292",14.4911,4204819,"A","G"
19,"rs2240669",14.5014,4207940,"A","G"
19,"rs12978469",14.5094,4210356,"G","A"
19,"rs10417017",14.516,4212345,"T","G"
19,"rs8110516",14.523,4214467,"G","A"
19,"rs353693",14.5321,4217207,"T","G"
19,"rs4740",14.5976,4236996,"T","C"
19,"rs4905",14.5979,4237067,"G","A"
19,"rs353694",14.6201,4243792,"A","G"
19,"rs11671900",14.6297,4246693,"C","A"
19,"rs7248755",14.6375,4249033,"G","A"
19,"rs7248124",14.6987,4267512,"G","A"
19,"rs4807563",14.7014,4268341,"A","G"
19,"rs4807567",14.7351,4278502,"G","A"
19,"rs10419363",14.7407,4280186,"A","G"
19,"rs2287713",14.7553,4284597,"C","A"
19,"rs8107226",14.7645,4287377,"T","G"
19,"rs2380178",14.7671,4288184,"T","C"
19,"rs888930",14.7676,4288332,"G","A"
19,"rs888932",14.7818,4292597,"A","G"
19,"rs6510801",14.7995,4297968,"T","C"
19,"rs918484",14.8124,4301845,"C","T"
19,"rs6510803",14.8167,4303164,"T","C"
19,"rs11671916",14.8212,4304498,"A","G"
19,"rs4807578",14.8272,4306311,"A","G"
19,"rs11879976",14.8405,4310327,"A","G"
19,"rs3745989",14.8463,4312103,"T","G"
19,"rs3745990",14.8671,4318365,"T","C"
19,"rs11669913",14.8732,4320218,"C","T"
19,"rs10411394",14.8901,4325327,"A","G"
19,"rs1138253",14.8905,4325433,"A","G"
19,"rs8111858",14.8932,4326239,"C","A"
19,"rs11878837",14.8991,4328044,"T","C"
19,"rs4435380",14.9251,4335869,"T","C"
19,"rs12978346",14.9412,4340742,"T","G"
19,"rs3810367",14.9482,4342847,"C","A"
19,"rs28736724",14.9539,4344619,"T","C"
19,"rs8102860",14.9594,4346348,"T","C"
19,"rs11085070",14.981,4353174,"T","C"
19,"rs11085071",14.9812,4353219,"G","A"
19,"rs2041775",14.9878,4355300,"T","C"
19,"rs107288",15.0199,4365397,"A","G"
19,"rs11085072",15.0286,4368142,"A","G"
19,"rs11085073",15.0509,4375162,"A","G"
19,"rs8104461",15.0783,4383783,"A","G"
19,"rs243404",15.0811,4384674,"T","C"
19,"rs243409",15.1023,4391334,"T","C"
19,"rs243335",15.1363,4402017,"C","T"
19,"rs105038",15.1766,4414710,"T","C"
19,"rs243365",15.2071,4424296,"G","A"
19,"rs243372",15.2347,4432973,"C","T"
19,"rs243375",15.2477,4437089,"G","A"
19,"rs9352",15.2644,4442336,"C","T"
19,"rs243382",15.265,4442529,"T","C"
19,"rs243383",15.2665,4442999,"T","G"
19,"rs2293930",15.2724,4444856,"T","C"
19,"rs2705",15.2731,4445073,"A","G"
19,"rs243387",15.2734,4445156,"T","C"
19,"rs741923",15.2851,4448843,"A","G"
19,"rs1044510",15.3131,4457650,"T","C"
19,"rs10469324",15.3399,4466107,"G","T"
19,"rs10421126",15.358,4471797,"G","A"
19,"rs10415051",15.3582,4471839,"T","G"
19,"rs3816048",15.3701,4475606,"T","C"
19,"rs16992406",15.3865,4480751,"T","G"
19,"rs12984070",15.3952,4483485,"C","T"
19,"rs10406730",15.4036,4486137,"A","G"
19,"rs892161",15.4277,4493708,"T","C"
19,"rs10406797",15.4483,4500205,"T","C"
19,"rs8887",15.4547,4502201,"A","G"
19,"rs7260518",15.4856,4511955,"T","C"
19,"rs4807598",15.4926,4514135,"G","A"
19,"rs11085080",15.5558,4534014,"T","C"
19,"rs11666660",15.5566,4534279,"T","C"
19,"rs966384",15.5703,4538599,"A","G"
19,"rs7251081",15.571,4538806,"T","C"
19,"rs7254885",15.5719,4539086,"G","A"
19,"rs4806985",15.5762,4540429,"A","G"
19,"rs4635456",15.6104,4551215,"G","A"
19,"rs1610094",15.6211,4554583,"T","G"
19,"rs1610093",15.6217,4554774,"G","A"
19,"rs10409783",15.625,4555786,"A","G"
19,"rs16992439",15.6367,4559474,"G","A"
19,"rs7249087",15.6372,4559646,"A","G"
19,"rs10413447",15.6872,4575373,"T","C"
19,"rs12973142",15.6884,4575751,"T","C"
19,"rs4807609",15.7089,4582205,"C","T"
19,"rs17434614",15.7201,4585721,"G","A"
19,"rs12979155",15.7365,4590877,"C","T"
19,"rs7255247",15.7572,4597413,"G","A"
19,"rs1865084",15.7628,4599172,"A","C"
19,"rs10420817",15.7821,4605239,"C","T"
19,"rs7250560",15.798,4610238,"T","C"
19,"rs12611262",15.8158,4615843,"T","C"
19,"rs10410702",15.8366,4622380,"C","T"
19,"rs17363184",15.878,4635402,"A","G"
19,"rs11880374",15.8829,4636946,"G","A"
19,"rs16992471",15.8935,4640295,"G","T"
19,"rs9917028",15.8957,4640983,"A","G"
19,"rs10417957",15.9156,4647231,"G","A"
19,"rs8110359",15.9395,4654757,"T","C"
19,"rs10413885",15.9446,4656355,"T","C"
19,"rs8108253",15.9449,4656466,"C","T"
19,"rs11148",15.9497,4657957,"C","A"
19,"rs8112182",15.9829,4668417,"G","A"
19,"rs10410207",15.9924,4671405,"C","T"
19,"rs8109860",15.9991,4673514,"A","G"
19,"rs11670570",16.0032,4674799,"G","A"
19,"rs8105807",16.0345,4684642,"C","T"
19,"rs10421782",16.0365,4685276,"C","A"
19,"rs10415651",16.0422,4687075,"G","A"
19,"rs11671605",16.1008,4705508,"C","T"
19,"rs2277733",16.1279,4714044,"G","A"
19,"rs7251000",16.1292,4714468,"T","C"
19,"rs8101703",16.1379,4717187,"C","T"
19,"rs12610495",16.1394,4717672,"C","T"
19,"rs11085087",16.1411,4718201,"T","G"
19,"rs1467941",16.1485,4720523,"T","C"
19,"rs7255543",16.1619,4724732,"C","A"
19,"rs7255851",16.1855,4732167,"A","C"
19,"rs10411311",16.1966,4735663,"T","C"
19,"rs7508325",16.2182,4742465,"T","C"
19,"rs11085089",16.2183,4742494,"T","C"
19,"rs4807628",16.2331,4747146,"T","C"
19,"rs11673100",16.2567,4754576,"G","A"
19,"rs7259918",16.2586,4755178,"T","G"
19,"rs10405955",16.269,4758454,"C","T"
19,"rs12459345",16.2721,4759413,"A","G"
19,"rs12979279",16.2876,4764306,"C","T"
19,"rs879564",16.3023,4768917,"C","T"
19,"rs11085094",16.341,4781103,"T","G"
19,"rs11085096",16.3471,4783024,"C","T"
19,"rs11085098",16.352,4784553,"G","A"
19,"rs3087692",16.3544,4785327,"A","G"
19,"rs4806998",16.3908,4796782,"T","C"
19,"rs11672931",16.4382,4811671,"C","T"
19,"rs8120",16.4524,4816160,"C","A"
19,"rs2292151",16.4542,4816719,"T","C"
19,"rs7255265",16.4595,4818378,"A","G"
19,"rs4807650",16.4698,4821612,"C","T"
19,"rs4807651",16.4737,4822855,"G","A"
19,"rs6510827",16.4984,4830628,"A","G"
19,"rs16992609",16.5202,4837501,"T","C"
19,"rs10424978",16.5204,4837557,"C","A"
19,"rs2779180",16.5318,4841151,"C","T"
19,"rs10409097",16.5414,4844152,"A","C"
19,"rs10409269",16.5416,4844205,"C","A"
19,"rs17363814",16.5429,4844633,"A","G"
19,"rs9973235",16.5527,4847713,"A","G"
19,"rs7251627",16.5555,4848593,"A","G"
19,"rs1055919",16.5668,4852137,"T","C"
19,"rs1809980",16.58,4856287,"A","G"
19,"rs7246083",16.6122,4866451,"A","G"
19,"rs3760949",16.6196,4868765,"A","G"
19,"rs3760948",16.6197,4868802,"A","G"
19,"rs8105711",16.6417,4875708,"C","T"
19,"rs2602701",16.6419,4875765,"C","A"
19,"rs10420320",16.6856,4889524,"T","C"
19,"rs2656938",16.69,4890914,"C","T"
19,"rs2779169",16.7208,4900684,"C","T"
19,"rs4807664",16.7393,4908093,"C","A"
19,"rs2261988",16.7462,4910889,"T","G"
19,"rs2656924",16.7615,4917019,"C","T"
19,"rs16992667",16.7708,4920752,"C","T"
19,"rs12462047",16.7782,4923735,"C","T"
19,"rs2123731",16.7925,4929473,"G","A"
19,"rs2307205",16.796,4930838,"T","C"
19,"rs262567",16.8019,4933228,"T","C"
19,"rs262566",16.8112,4936950,"C","T"
19,"rs2251519",16.8224,4941456,"T","C"
19,"rs2602731",16.8307,4944771,"A","G"
19,"rs2250978",16.8337,4945974,"A","G"
19,"rs2602734",16.8363,4947041,"A","G"
19,"rs12974635",16.8364,4947056,"A","G"
19,"rs11672626",16.8419,4949266,"C","T"
19,"rs1982468",16.852,4953351,"G","T"
19,"rs2307204",16.8544,4954310,"T","C"
19,"rs10853981",16.8812,4965064,"T","C"
19,"rs632616",16.9093,4976335,"A","G"
19,"rs33938520",16.9299,4984588,"T","C"
19,"rs197145",16.9398,4988593,"T","C"
19,"rs197142",16.9447,4990546,"C","T"
19,"rs4807677",16.9642,4998371,"C","T"
19,"rs6510833",16.9892,5008399,"A","G"
19,"rs10407399",16.9919,5009466,"T","G"
19,"rs10409229",16.9921,5009545,"T","C"
19,"rs263063",17.0246,5022604,"A","G"
19,"rs263066",17.0361,5027230,"G","A"
19,"rs10419990",17.0607,5037083,"T","C"
19,"rs11085110",17.0615,5037415,"A","G"
19,"rs10518242",17.0658,5039135,"C","A"
19,"rs11878982",17.0706,5041049,"T","C"
19,"rs2240678",17.0709,5041178,"T","C"
19,"rs16992771",17.0831,5046070,"A","G"
19,"rs2249152",17.1204,5061052,"T","C"
19,"rs2613766",17.1352,5066995,"C","T"
19,"rs730291",17.1447,5070809,"A","G"
19,"rs2613768",17.1542,5074637,"C","T"
19,"rs4807685",17.1705,5081179,"G","A"
19,"rs999562",17.1958,5091332,"T","G"
19,"rs999560",17.1973,5091933,"T","C"
19,"rs10407921",17.2116,5097656,"T","C"
19,"rs2620857",17.237,5107852,"A","G"
19,"rs1017821",17.2416,5109701,"T","C"
19,"rs2620854",17.2644,5118835,"T","C"
19,"rs1552046",17.2724,5122051,"C","T"
19,"rs2620835",17.3081,5136387,"C","T"
19,"rs2251127",17.3127,5138229,"T","C"
19,"rs16992820",17.3233,5142473,"C","T"
19,"rs2620833",17.3319,5145960,"T","C"
19,"rs2613791",17.338,5148383,"A","G"
19,"rs2035298",17.353,5154421,"T","C"
19,"rs1017818",17.3553,5155308,"A","G"
19,"rs2620821",17.4023,5174180,"G","A"
19,"rs741696",17.4126,5178324,"G","A"
19,"rs16992844",17.4135,5178677,"C","T"
19,"rs2620820",17.4154,5179457,"T","C"
19,"rs2620816",17.4375,5188319,"G","A"
19,"rs2620812",17.4399,5189268,"G","A"
19,"rs8110480",17.4564,5195917,"T","C"
19,"rs8105746",17.4687,5200856,"T","C"
19,"rs11880284",17.4711,5201800,"T","C"
19,"rs737004",17.4883,5208694,"C","T"
19,"rs2302224",17.4931,5210622,"A","G"
19,"rs1143699",17.4934,5210762,"A","G"
19,"rs2230611",17.4977,5212482,"T","C"
19,"rs8107943",17.4988,5212923,"T","C"
19,"rs10426383",17.5018,5214116,"T","C"
19,"rs11085118",17.5019,5214158,"A","G"
19,"rs7251802",17.5276,5224470,"G","A"
19,"rs4807699",17.5324,5226411,"T","C"
19,"rs12610082",17.5339,5227008,"C","A"
19,"rs2379609",17.5567,5236166,"C","T"
19,"rs10415488",17.583,5246717,"G","A"
19,"rs886936",17.5997,5253432,"A","G"
19,"rs17130",17.6036,5254970,"C","T"
19,"rs8100586",17.6106,5257811,"T","G"
19,"rs4807016",17.6123,5258490,"T","C"
19,"rs2238639",17.6192,5261230,"G","T"
19,"rs4807703",17.6291,5265222,"T","C"
19,"rs11085120",17.6433,5270931,"T","C"
19,"rs1141371",17.6499,5273571,"G","T"
19,"rs1034917",17.6519,5274384,"T","C"
19,"rs2074983",17.6798,5285570,"T","C"
19,"rs740058",17.6863,5288182,"G","T"
19,"rs10415188",17.7047,5295567,"T","C"
19,"rs4807022",17.7376,5308749,"C","T"
19,"rs7259159",17.744,5311330,"T","C"
19,"rs7247790",17.7442,5311412,"G","T"
19,"rs10415030",17.7461,5312177,"G","A"
19,"rs4807719",17.7489,5313294,"A","G"
19,"rs1558138",17.7531,5314996,"A","G"
19,"rs16992920",17.7594,5317513,"C","T"
19,"rs11085126",17.7752,5323853,"G","A"
19,"rs3948683",17.7776,5324831,"T","C"
19,"rs7254668",17.779,5325370,"C","T"
19,"rs16992922",17.7793,5325477,"A","G"
19,"rs17765170",17.7804,5325928,"T","G"
19,"rs7256271",17.788,5329001,"A","G"
19,"rs886933",17.8004,5333960,"A","G"
19,"rs1015675",17.8064,5336389,"T","C"
19,"rs1207118",17.8236,5343270,"T","C"
19,"rs2890212",17.8373,5348786,"A","G"
19,"rs892141",17.8466,5352524,"T","C"
19,"rs892140",17.8467,5352551,"G","A"
19,"rs10418103",17.8469,5352619,"T","C"
19,"rs8111216",17.8493,5353576,"A","C"
19,"rs875552",17.8498,5353781,"T","C"
19,"rs892136",17.8539,5355437,"G","A"
19,"rs7507640",17.8544,5355661,"A","C"
19,"rs2082465",17.8633,5359211,"T","C"
19,"rs2099350",17.8802,5365998,"C","T"
19,"rs4807727",17.8877,5369007,"C","A"
19,"rs12608859",17.8903,5370047,"A","G"
19,"rs8109202",17.9048,5375873,"A","C"
19,"rs8105522",17.9077,5377037,"T","C"
19,"rs7408690",17.924,5383576,"C","T"
19,"rs4807030",17.9399,5389941,"A","G"
19,"rs11672914",17.9493,5393748,"T","C"
19,"rs4807751",17.9619,5398798,"A","G"
19,"rs8109796",17.9647,5399911,"G","T"
19,"rs11085132",17.9714,5402586,"G","A"
19,"rs4807754",17.9768,5404776,"T","G"
19,"rs12980657",17.9837,5407533,"A","C"
19,"rs489605",17.9902,5410160,"G","A"
19,"rs6510851",18.0055,5416288,"A","G"
19,"rs403999",18.0096,5417943,"T","C"
19,"rs10425672",18.0115,5418713,"A","C"
19,"rs11667049",18.0196,5421962,"G","A"
19,"rs1384936",18.0238,5423643,"G","A"
19,"rs4807760",18.0292,5425795,"A","G"
19,"rs8111234",18.0308,5426449,"T","C"
19,"rs586044",18.0428,5431265,"T","C"
19,"rs464526",18.0757,5444451,"A","G"
19,"rs414294",18.0903,5450303,"T","C"
19,"rs394072",18.0962,5452676,"T","C"
19,"rs4375786",18.103,5455422,"A","G"
19,"rs8107825",18.1044,5455978,"T","C"
19,"rs8111108",18.1056,5456450,"A","G"
19,"rs2240747",18.1068,5456930,"G","T"
19,"rs6510852",18.1122,5459089,"T","C"
19,"rs7247783",18.1251,5464288,"A","C"
19,"rs11672269",18.1304,5466417,"G","T"
19,"rs11085138",18.1386,5469695,"T","C"
19,"rs668692",18.1389,5469832,"A","G"
19,"rs465339",18.159,5477883,"A","G"
19,"rs797544",18.1631,5479522,"G","T"
19,"rs11085140",18.1675,5481300,"C","T"
19,"rs12977132",18.1931,5491558,"T","G"
19,"rs412923",18.1951,5492363,"C","T"
19,"rs7254746",18.1957,5492621,"A","G"
19,"rs12983349",18.2083,5497686,"A","G"
19,"rs16993016",18.2085,5497748,"A","G"
19,"rs406063",18.2122,5499247,"A","G"
19,"rs12985119",18.2176,5501415,"T","G"
19,"rs11880302",18.2209,5502718,"A","C"
19,"rs4807773",18.2258,5504712,"C","T"
19,"rs675136",18.252,5515228,"G","A"
19,"rs669510",18.2565,5517034,"G","A"
19,"rs416886",18.258,5517605,"C","T"
19,"rs10423624",18.2611,5518860,"T","G"
19,"rs7260433",18.2623,5519326,"A","G"
19,"rs12975437",18.2625,5519444,"G","A"
19,"rs385839",18.2698,5522356,"C","T"
19,"rs17271855",18.2757,5524721,"A","G"
19,"rs552880",18.2759,5524814,"A","G"
19,"rs675047",18.2788,5525988,"G","T"
19,"rs9636179",18.2927,5531551,"C","T"
19,"rs566882",18.2971,5533326,"T","C"
19,"rs404961",18.3233,5543817,"A","G"
19,"rs11879657",18.3239,5544085,"A","G"
19,"rs10423998",18.3263,5545034,"T","G"
19,"rs8101923",18.3531,5555781,"A","G"
19,"rs2288947",18.3689,5562115,"A","G"
19,"rs11880534",18.3719,5563342,"C","T"
19,"rs8105637",18.3791,5566232,"A","G"
19,"rs8112148",18.3968,5573344,"A","G"
19,"rs7255573",18.4013,5575148,"G","A"
19,"rs8111720",18.4279,5585823,"G","A"
19,"rs2285963",18.4427,5591735,"A","G"
19,"rs7260385",18.4592,5598357,"G","A"
19,"rs739943",18.4628,5599837,"T","C"
19,"rs2285969",18.4642,5600370,"C","T"
19,"rs806704",18.4789,5606259,"C","A"
19,"rs806705",18.4824,5607688,"G","A"
19,"rs806706",18.4883,5610045,"A","G"
19,"rs806711",18.5097,5618654,"T","C"
19,"rs4807045",18.5179,5621925,"C","T"
19,"rs10518245",18.5275,5625802,"G","T"
19,"rs2436498",18.5578,5637962,"C","T"
19,"rs7256359",18.5738,5644374,"T","C"
19,"rs17205911",18.5942,5652572,"T","G"
19,"rs16993082",18.5989,5654449,"A","G"
19,"rs2485257",18.6023,5655792,"T","C"
19,"rs3745628",18.6225,5663920,"C","A"
19,"rs1538012",18.6242,5664612,"T","C"
19,"rs2436527",18.6579,5678133,"T","C"
19,"rs1062373",18.693,5692192,"A","G"
19,"rs3892355",18.7049,5696962,"T","C"
19,"rs945704",18.7233,5704353,"G","A"
19,"rs2436509",18.7265,5705647,"G","A"
19,"rs2436508",18.7404,5711217,"C","T"
19,"rs11085147",18.7421,5711930,"T","C"
19,"rs10406454",18.7772,5725992,"C","A"
19,"rs2485255",18.7793,5726827,"C","T"
19,"rs3097891",18.8216,5743824,"C","T"
19,"rs7249752",18.8531,5756451,"G","A"
19,"rs2446199",18.8754,5765420,"A","G"
19,"rs1026466",18.9001,5775337,"C","G"
19,"rs2436493",18.9051,5777323,"C","T"
19,"rs3826798",18.9245,5785113,"T","C"
19,"rs2290776",18.9396,5791167,"C","T"
19,"rs2446195",18.9459,5793704,"G","C"
19,"rs6510857",18.9623,5800273,"C","T"
19,"rs28542390",18.9996,5815254,"T","C"
19,"rs3763045",19.0176,5822490,"T","G"
19,"rs3763046",19.0211,5823903,"T","C"
19,"rs778809",19.0371,5830302,"A","G"
19,"rs778805",19.0418,5832209,"T","C"
19,"rs3916080",19.0435,5832899,"T","G"
19,"rs1678849",19.0537,5836964,"C","T"
19,"rs8101385",19.0577,5838595,"A","G"
19,"rs778798",19.0603,5839613,"A","C"
19,"rs3760776",19.0606,5839746,"A","G"
19,"rs874232",19.0702,5843609,"C","T"
19,"rs778986",19.0725,5844537,"T","C"
19,"rs812936",19.0728,5844649,"G","A"
19,"rs2561796",19.0789,5847079,"T","G"
19,"rs2306969",19.0907,5851801,"T","C"
19,"rs4807817",19.0937,5853008,"T","G"
19,"rs778980",19.1204,5863736,"A","G"
19,"rs10426709",19.1251,5865645,"A","G"
19,"rs778981",19.1261,5866036,"T","C"
19,"rs778972",19.1308,5867913,"C","T"
19,"rs1674153",19.1633,5880949,"A","G"
19,"rs6510861",19.1726,5884673,"C","T"
19,"rs1674159",19.1777,5886732,"T","C"
19,"rs2637202",19.1857,5889958,"C","T"
19,"rs10432306",19.1927,5892743,"T","C"
19,"rs10421538",19.2048,5897610,"A","G"
19,"rs8108064",19.2202,5903807,"G","T"
19,"rs10406399",19.2235,5905141,"C","T"
19,"rs420458",19.2351,5909780,"A","G"
19,"rs7249419",19.2471,5914605,"C","T"
19,"rs2245651",19.2503,5915883,"A","G"
19,"rs2245650",19.2504,5915900,"A","G"
19,"rs274794",19.2783,5927096,"C","T"
19,"rs274791",19.296,5934233,"T","C"
19,"rs12462305",19.3022,5936689,"G","A"
19,"rs7258475",19.3187,5943306,"T","G"
19,"rs10407413",19.33,5947871,"A","G"
19,"rs4807826",19.3457,5954162,"A","C"
19,"rs639251",19.3666,5962530,"G","A"
19,"rs628271",19.3737,5965388,"G","A"
19,"rs555836",19.3761,5966358,"T","C"
19,"rs11085155",19.3819,5968688,"A","G"
19,"rs581910",19.3872,5970822,"A","G"
19,"rs4807830",19.4096,5979820,"T","C"
19,"rs731773",19.439,5991622,"C","T"
19,"rs398592",19.4393,5991710,"A","G"
19,"rs11880656",19.4405,5992228,"A","G"
19,"rs530942",19.4701,6004105,"G","A"
19,"rs598236",19.4834,6009445,"C","T"
19,"rs3795015",19.5116,6020761,"C","T"
19,"rs10423680",19.5226,6025156,"G","A"
19,"rs673153",19.5446,6033976,"A","G"
19,"rs2288846",19.5647,6042059,"A","G"
19,"rs16989868",19.5689,6043743,"A","G"
19,"rs11880033",19.62,6074710,"A","G"
19,"rs17304450",19.62,6095431,"T","C"
19,"rs10405994",19.62,6097151,"T","C"
19,"rs10418205",19.62,6100433,"G","A"
19,"rs7253993",19.62,6116805,"T","C"
19,"rs7256341",19.62,6122267,"A","G"
19,"rs8108134",19.62,6124921,"G","A"
19,"rs4439887",19.62,6126798,"A","G"
19,"rs4331435",19.62,6139625,"C","T"
19,"rs10409209",19.6353,6145564,"C","A"
19,"rs7252466",19.66,6151703,"C","T"
19,"rs4807840",19.6793,6156483,"T","C"
19,"rs9304930",19.6874,6158492,"C","T"
19,"rs1368451",19.7147,6165266,"A","G"
19,"rs8101237",19.7233,6167414,"T","C"
19,"rs16993434",19.7577,6175936,"G","A"
19,"rs16993453",19.8049,6187657,"A","G"
19,"rs2278424",19.8257,6192818,"T","C"
19,"rs16993465",19.8258,6192853,"G","T"
19,"rs8104855",19.8474,6198216,"C","T"
19,"rs2335629",19.8673,6203146,"T","C"
19,"rs4807846",19.8713,6204129,"G","A"
19,"rs10425093",19.8781,6205825,"G","A"
19,"rs4807849",19.914,6214725,"T","C"
19,"rs3787062",19.9727,6229287,"C","A"
19,"rs4807067",19.9863,6232680,"T","G"
19,"rs2227261",20.1059,6262355,"A","G"
19,"rs10405167",20.1277,6267757,"C","T"
19,"rs1560694",20.128,6267827,"A","G"
19,"rs892058",20.1592,6275584,"A","G"
19,"rs6510880",20.1619,6276235,"A","G"
19,"rs9304931",20.1718,6278697,"T","C"
19,"rs11881034",20.1835,6281607,"T","C"
19,"rs8182608",20.1958,6284663,"G","A"
19,"rs6417193",20.2091,6287971,"G","A"
19,"rs11085169",20.2577,6300023,"A","G"
19,"rs4807078",20.2776,6304967,"C","T"
19,"rs12609656",20.2813,6305874,"C","T"
19,"rs4807863",20.2857,6306971,"G","A"
19,"rs7260240",20.3421,6320963,"A","G"
19,"rs1982082",20.3481,6322442,"C","T"
19,"rs8104835",20.361,6325659,"T","C"
19,"rs10424876",20.3773,6329699,"G","A"
19,"rs2335192",20.3918,6333290,"T","C"
19,"rs16993553",20.3925,6333476,"T","C"
19,"rs10405313",20.4044,6336432,"C","A"
19,"rs10425830",20.4709,6352936,"C","T"
19,"rs7253024",20.5104,6362724,"T","C"
19,"rs7245514",20.5135,6363493,"G","A"
19,"rs10418574",20.5255,6366481,"A","G"
19,"rs8106856",20.5469,6371798,"A","C"
19,"rs7540",20.5594,6374890,"A","G"
19,"rs2304198",20.5632,6375831,"T","C"
19,"rs35477044",20.5724,6378125,"A","G"
19,"rs17625356",20.5819,6380469,"A","G"
19,"rs8102597",20.6252,6391219,"C","T"
19,"rs2304196",20.6284,6392006,"G","A"
19,"rs7255578",20.633,6393152,"T","C"
19,"rs7253395",20.667,6401588,"T","C"
19,"rs6510896",20.6713,6402648,"T","C"
19,"rs10419890",20.6781,6404335,"C","A"
19,"rs3911998",20.6973,6409117,"G","A"
19,"rs1613070",20.7127,6412929,"G","A"
19,"rs2305058",20.7256,6416123,"T","C"
19,"rs2075755",20.7528,6422888,"G","A"
19,"rs3760750",20.771,6427408,"A","G"
19,"rs34488963",20.7819,6430106,"A","G"
19,"rs2860185",20.8066,6436222,"G","A"
19,"rs193234",20.8197,6439487,"G","T"
19,"rs186996",20.8487,6446666,"C","T"
19,"rs173229",20.8714,6452305,"T","C"
19,"rs10402833",20.8797,6454367,"A","G"
19,"rs348365",20.8839,6455414,"G","A"
19,"rs8111177",20.9032,6460214,"A","G"
19,"rs1663803",20.9517,6472247,"A","G"
19,"rs3844450",20.9889,6481459,"A","C"
19,"rs3852883",20.9969,6483465,"C","A"
19,"rs371164",21.0225,6489814,"G","A"
19,"rs395651",21.024,6490179,"T","C"
19,"rs432643",21.028,6491170,"G","A"
19,"rs1053377",21.0414,6494502,"T","C"
19,"rs348395",21.0613,6499437,"T","C"
19,"rs3760749",21.0749,6502812,"C","T"
19,"rs3865467",21.1044,6510126,"C","T"
19,"rs4807087",21.1288,6516194,"A","G"
19,"rs238767",21.1326,6517122,"G","A"
19,"rs11085177",21.1461,6520490,"A","G"
19,"rs11667269",21.1528,6522134,"A","G"
19,"rs12151125",21.1619,6524406,"C","A"
19,"rs348337",21.1871,6530656,"T","C"
19,"rs4807876",21.1965,6532982,"A","G"
19,"rs3097297",21.2016,6534248,"A","G"
19,"rs3865469",21.2066,6535498,"T","C"
19,"rs348389",21.2072,6535637,"T","C"
19,"rs348373",21.2383,6543342,"T","C"
19,"rs348384",21.2747,6552386,"T","C"
19,"rs3865472",21.2749,6552445,"C","A"
19,"rs422981",21.2924,6556778,"T","C"
19,"rs10422845",21.3091,6560924,"A","G"
19,"rs348347",21.3231,6564402,"A","G"
19,"rs7508584",21.3242,6564673,"T","G"
19,"rs11490542",21.3617,6573967,"A","G"
19,"rs1115478",21.363,6574310,"G","A"
19,"rs2910434",21.3924,6581596,"G","T"
19,"rs2883472",21.4012,6583781,"T","C"
19,"rs1808398",21.4073,6585298,"C","T"
19,"rs1862511",21.4112,6586268,"T","C"
19,"rs16994592",21.4122,6586498,"C","T"
19,"rs344587",21.4193,6588267,"G","A"
19,"rs344589",21.4294,6590789,"C","T"
19,"rs17703895",21.4309,6591146,"A","C"
19,"rs344596",21.4435,6594274,"C","T"
19,"rs168259",21.4496,6595779,"A","G"
19,"rs7246454",21.4686,6600506,"G","A"
19,"rs344577",21.4972,6607597,"T","C"
19,"rs344580",21.5044,6609390,"C","T"
19,"rs395909",21.5357,6617161,"G","A"
19,"rs400658",21.5566,6622352,"C","T"
19,"rs1862508",21.5972,6632418,"A","G"
19,"rs12462065",21.6209,6638300,"A","G"
19,"rs12461982",21.6221,6638585,"A","G"
19,"rs12979435",21.6332,6641342,"A","C"
19,"rs447135",21.6376,6642448,"C","T"
19,"rs392751",21.6486,6645178,"C","T"
19,"rs392720",21.6666,6649632,"G","A"
19,"rs344570",21.7028,6658613,"T","C"
19,"rs344569",21.7029,6658636,"A","G"
19,"rs12609318",21.7241,6663916,"T","C"
19,"rs344561",21.7247,6664054,"C","T"
19,"rs344560",21.7286,6665020,"A","G"
19,"rs1077667",21.7445,6668972,"A","G"
19,"rs8112236",21.749,6670094,"T","C"
19,"rs3760746",21.7508,6670529,"G","A"
19,"rs11878563",21.7523,6670910,"T","C"
19,"rs8106574",21.7533,6671142,"A","G"
19,"rs379527",21.7746,6676442,"C","A"
19,"rs11569585",21.7801,6677799,"A","G"
19,"rs11569562",21.7839,6678753,"T","C"
19,"rs344555",21.7864,6679360,"A","G"
19,"rs11569557",21.791,6680510,"A","G"
19,"rs7951",21.797,6681991,"A","G"
19,"rs1389623",21.8059,6684197,"T","C"
19,"rs7257062",21.8129,6685945,"T","C"
19,"rs11569536",21.8135,6686089,"A","G"
19,"rs344542",21.8193,6687517,"G","A"
19,"rs344541",21.8196,6687595,"G","A"
19,"rs11569523",21.8254,6689042,"A","G"
19,"rs3745567",21.8324,6690771,"A","G"
19,"rs2287845",21.8558,6696597,"C","T"
19,"rs423490",21.8591,6697406,"A","G"
19,"rs366510",21.8608,6697829,"C","A"
19,"rs428453",21.8782,6702157,"C","G"
19,"rs11672613",21.8907,6705246,"G","A"
19,"rs11569429",21.9061,6709074,"A","G"
19,"rs2230203",21.913,6710782,"A","C"
19,"rs4807895",21.9177,6711958,"T","C"
19,"rs11569571",21.9261,6714035,"T","C"
19,"rs2230199",21.9437,6718387,"G","C"
19,"rs2250656",21.9442,6718534,"G","A"
19,"rs339392",21.9583,6722022,"G","T"
19,"rs339400",22.0189,6737063,"A","G"
19,"rs339408",22.0423,6742864,"G","A"
19,"rs339404",22.0513,6745105,"T","C"
19,"rs184628",22.0605,6747394,"G","T"
19,"rs1049232",22.0763,6751293,"G","T"
19,"rs1054060",22.0809,6752434,"G","A"
19,"rs2305806",22.0912,6755007,"C","T"
19,"rs12608960",22.0918,6755155,"C","T"
19,"rs7258236",22.1153,6760974,"C","T"
19,"rs2305805",22.1263,6763718,"C","T"
19,"rs682626",22.168,6774069,"T","C"
19,"rs568259",22.2023,6782574,"A","G"
19,"rs6510922",22.2127,6785141,"T","G"
19,"rs691528",22.2172,6786271,"T","C"
19,"rs473021",22.2278,6788907,"A","C"
19,"rs2546122",22.2336,6790326,"G","A"
19,"rs2660489",22.2578,6796330,"A","G"
19,"rs2617822",22.2785,6801481,"C","T"
19,"rs332425",22.2804,6801953,"A","C"
19,"rs2617824",22.2831,6802616,"G","A"
19,"rs12610223",22.3074,6808656,"C","T"
19,"rs8102571",22.3143,6810367,"T","C"
19,"rs426815",22.3224,6812364,"C","A"
19,"rs4807101",22.3368,6815948,"A","G"
19,"rs10415535",22.3479,6818701,"A","G"
19,"rs164016",22.357,6820951,"C","T"
19,"rs7258040",22.3594,6821545,"A","G"
19,"rs347033",22.3621,6822219,"C","T"
19,"rs3786688",22.4001,6831655,"T","C"
19,"rs11668094",22.405,6832880,"G","A"
19,"rs308200",22.4058,6833072,"C","T"
19,"rs186295",22.4087,6833777,"T","C"
19,"rs308195",22.4207,6836760,"C","T"
19,"rs3105702",22.426,6838069,"G","A"
19,"rs331679",22.4669,6848220,"A","G"
19,"rs8108918",22.4911,6854223,"T","C"
19,"rs10422184",22.4919,6854446,"G","A"
19,"rs17718517",22.5244,6862498,"C","T"
19,"rs10414931",22.5457,6867792,"A","G"
19,"rs10424498",22.5828,6876996,"G","A"
19,"rs16993897",22.6047,6882430,"G","A"
19,"rs10406773",22.6226,6886859,"C","T"
19,"rs10404401",22.6234,6887062,"T","C"
19,"rs3826782",22.6261,6887736,"T","C"
19,"rs330876",22.6589,6895866,"T","C"
19,"rs10406373",22.6609,6896380,"A","G"
19,"rs330877",22.6613,6896483,"T","C"
19,"rs330883",22.6702,6898681,"G","A"
19,"rs8099966",22.6815,6901482,"A","G"
19,"rs897738",22.6831,6901891,"T","C"
19,"rs443658",22.6913,6903920,"C","T"
19,"rs2546140",22.6933,6904402,"C","T"
19,"rs606384",22.7175,6910410,"G","A"
19,"rs466876",22.7308,6913707,"A","G"
19,"rs457857",22.7312,6913811,"A","G"
19,"rs467439",22.742,6916493,"G","A"
19,"rs373533",22.7546,6919624,"A","C"
19,"rs7256147",22.7636,6921868,"T","C"
19,"rs252564",22.7671,6922735,"T","C"
19,"rs4807916",22.7818,6926378,"G","A"
19,"rs3895916",22.7883,6927996,"C","T"
19,"rs6510931",22.8115,6933731,"C","T"
19,"rs4527134",22.8122,6933907,"C","T"
19,"rs464056",22.8382,6940379,"A","G"
19,"rs465241",22.8384,6940409,"T","C"
19,"rs7259423",22.8468,6942494,"G","A"
19,"rs7259047",22.8505,6943410,"A","G"
19,"rs465838",22.8562,6944843,"G","A"
19,"rs376620",22.8603,6945861,"G","A"
19,"rs422318",22.8828,6951434,"A","C"
19,"rs17704999",22.8833,6951567,"G","A"
19,"rs7256163",22.9098,6958134,"C","T"
19,"rs460698",22.9221,6961182,"G","A"
19,"rs459301",22.9386,6965278,"G","A"
19,"rs625183",22.9503,6968186,"C","T"
19,"rs8102545",22.957,6969857,"C","A"
19,"rs252579",22.9671,6972357,"T","C"
19,"rs367369",22.9775,6974946,"G","T"
19,"rs252569",22.9899,6978013,"C","T"
19,"rs2035970",23.005,6981763,"A","G"
19,"rs7247453",23.0169,6984708,"G","A"
19,"rs1466715",23.0338,6988914,"T","C"
19,"rs1466714",23.0343,6989025,"G","A"
19,"rs6510937",23.0583,6994987,"A","C"
19,"rs11878694",23.0644,6996509,"C","T"
19,"rs10413019",23.0679,6997373,"C","T"
19,"rs11665875",23.0801,7000401,"C","T"
19,"rs8113413",23.0816,7000781,"C","T"
19,"rs7249317",23.1251,7011560,"T","C"
19,"rs1493877",23.1345,7013885,"A","G"
19,"rs7248247",23.1367,7014437,"G","T"
19,"rs11671575",23.1545,7018869,"G","T"
19,"rs10405539",23.2931,7063372,"T","G"
19,"rs2914572",23.3074,7068207,"G","A"
19,"rs2967662",23.3234,7073615,"A","G"
19,"rs2967646",23.3262,7074561,"C","T"
19,"rs966591",23.353,7083629,"G","A"
19,"rs8110740",23.3534,7083761,"C","T"
19,"rs17637922",23.3536,7083818,"A","G"
19,"rs6510944",23.355,7084307,"C","T"
19,"rs2352958",23.3564,7084747,"A","G"
19,"rs2913877",23.3685,7088834,"C","T"
19,"rs17775938",23.3726,7090222,"T","C"
19,"rs12052184",23.3988,7099089,"T","C"
19,"rs2914559",23.412,7103542,"G","A"
19,"rs2967657",23.4167,7105136,"T","C"
19,"rs1052371",23.4388,7112593,"A","G"
19,"rs1864193",23.4436,7114213,"A","C"
19,"rs3745551",23.4438,7114288,"G","A"
19,"rs3745550",23.4476,7115573,"T","C"
19,"rs1051690",23.4518,7116963,"T","C"
19,"rs1799817",23.4764,7125297,"T","C"
19,"rs10408374",23.4823,7127294,"A","G"
19,"rs13306446",23.4876,7129064,"A","C"
19,"rs1549616",23.498,7132570,"A","G"
19,"rs10420382",23.5022,7134013,"A","G"
19,"rs11672739",23.503,7134266,"A","G"
19,"rs6510949",23.5034,7134402,"A","C"
19,"rs6510950",23.5096,7136489,"C","T"
19,"rs2229431",23.5252,7141775,"T","C"
19,"rs8103483",23.5359,7145374,"T","C"
19,"rs2245655",23.5885,7163140,"G","T"
19,"rs2963",23.5885,7163154,"T","C"
19,"rs2059807",23.5973,7166109,"A","G"
19,"rs2059806",23.5981,7166376,"T","C"
19,"rs3786681",23.6056,7168933,"C","T"
19,"rs7251963",23.6095,7170241,"A","G"
19,"rs7252268",23.6103,7170505,"A","C"
19,"rs8109559",23.6136,7171629,"T","C"
19,"rs11671975",23.6303,7177280,"G","A"
19,"rs8112883",23.6364,7179320,"T","G"
19,"rs8108622",23.6466,7182753,"A","T"
19,"rs10500204",23.6472,7182963,"C","A"
19,"rs891088",23.6525,7184762,"C","T"
19,"rs17253937",23.6526,7184801,"A","G"
19,"rs1035939",23.665,7188979,"T","C"
19,"rs2860183",23.6661,7189375,"A","G"
19,"rs8109957",23.6757,7192593,"G","A"
19,"rs2115386",23.6874,7196565,"A","G"
19,"rs7254358",23.6957,7199341,"A","G"
19,"rs1035941",23.6974,7199939,"A","G"
19,"rs6510960",23.7087,7203732,"C","T"
19,"rs10426094",23.7131,7205240,"A","G"
19,"rs4804404",23.752,7218382,"C","A"
19,"rs7508679",23.7652,7222832,"T","C"
19,"rs4804416",23.7682,7223848,"C","A"
19,"rs7248104",23.77,7224431,"T","C"
19,"rs4804418",23.775,7226144,"A","G"
19,"rs10413734",23.7801,7227871,"G","T"
19,"rs890860",23.781,7228165,"A","G"
19,"rs890861",23.7815,7228343,"G","A"
19,"rs10420008",23.8,7234575,"C","T"
19,"rs4608435",23.8016,7235137,"T","G"
19,"rs4804103",23.8024,7235389,"T","C"
19,"rs10221473",23.8061,7236626,"T","C"
19,"rs17254521",23.8122,7238695,"G","A"
19,"rs3852876",23.8147,7239555,"C","T"
19,"rs11671297",23.8489,7251101,"C","T"
19,"rs11668751",23.8511,7251842,"C","A"
19,"rs919275",23.8795,7261441,"G","A"
19,"rs12979424",23.9152,7273492,"A","G"
19,"rs10411676",23.9167,7273991,"G","A"
19,"rs7254921",23.9299,7278452,"T","C"
19,"rs7254060",23.9446,7283414,"T","C"
19,"rs11880337",23.9832,7296452,"G","A"
19,"rs34883124",24.0051,7303836,"T","C"
19,"rs7249440",24.07,7400685,"C","T"
19,"rs6603095",24.07,7411780,"G","A"
19,"rs11879985",24.07,7420223,"T","C"
19,"rs10412464",24.07,7432176,"G","A"
19,"rs10410488",24.07,7437228,"C","T"
19,"rs6603120",24.07,7437349,"G","A"
19,"rs9329372",24.07,7439676,"T","C"
19,"rs9329373",24.07,7439714,"C","T"
19,"rs8100029",24.07,7448832,"C","T"
19,"rs10408632",24.07,7466835,"G","A"
19,"rs2432103",24.07,7466965,"C","T"
19,"rs12974783",24.07,7476885,"C","T"
19,"rs12977838",24.07,7477985,"A","G"
19,"rs8103234",24.07,7480667,"A","G"
19,"rs746892",24.0795,7486109,"G","A"
19,"rs4804602",24.0829,7487313,"G","A"
19,"rs11260076",24.0866,7488671,"T","C"
19,"rs7259729",24.1042,7494957,"G","A"
19,"rs6603058",24.1172,7499624,"C","T"
19,"rs8110645",24.1305,7504404,"T","C"
19,"rs17255882",24.1306,7504456,"T","C"
19,"rs17159572",24.1349,7505997,"G","A"
19,"rs2287909",24.1368,7506668,"C","A"
19,"rs7257153",24.139,7507444,"C","T"
19,"rs7248066",24.1471,7510356,"T","C"
19,"rs2287918",24.1983,7528734,"A","G"
19,"rs11880140",24.2244,7538117,"T","C"
19,"rs2335116",24.2463,7545964,"C","T"
19,"rs3745356",24.266,7553021,"T","C"
19,"rs10402951",24.2717,7555092,"C","T"
19,"rs1363938",24.2909,7561996,"G","A"
19,"rs2335095",24.2923,7562472,"C","T"
19,"rs7250572",24.307,7567757,"G","A"
19,"rs17256868",24.3101,7568879,"T","C"
19,"rs484870",24.3113,7569282,"C","T"
19,"rs685034",24.316,7570978,"A","G"
19,"rs1133378",24.3224,7573287,"T","C"
19,"rs2161568",24.327,7574918,"A","G"
19,"rs4804662",24.3283,7575408,"C","T"
19,"rs661821",24.3485,7582649,"A","G"
19,"rs678539",24.3525,7584086,"G","A"
19,"rs612862",24.379,7593589,"A","G"
19,"rs560849",24.3942,7599060,"G","A"
19,"rs604959",24.3961,7599735,"C","A"
19,"rs541271",24.4025,7602039,"A","G"
19,"rs591040",24.4124,7605566,"T","C"
19,"rs577866",24.4164,7607023,"C","T"
19,"rs586551",24.4278,7611117,"A","G"
19,"rs538852",24.4639,7624079,"T","C"
19,"rs577029",24.4647,7624335,"A","G"
19,"rs10418152",24.4919,7634112,"A","G"
19,"rs7250311",24.4932,7634594,"C","A"
19,"rs7260296",24.4963,7635689,"A","G"
19,"rs2446181",24.4968,7635856,"G","A"
19,"rs2431866",24.4968,7635871,"A","C"
19,"rs7256394",24.5045,7638646,"C","T"
19,"rs1155715",24.5733,7663317,"T","C"
19,"rs1644757",24.5745,7663768,"G","A"
19,"rs794088",24.6145,7678127,"T","C"
19,"rs807812",24.6235,7681351,"T","C"
19,"rs794078",24.636,7685843,"A","G"
19,"rs1035465",24.6517,7691465,"A","G"
19,"rs794084",24.6534,7692058,"G","A"
19,"rs4134809",24.6599,7694393,"T","C"
19,"rs4804217",24.6737,7699347,"T","C"
19,"rs7359905",24.6804,7701748,"C","T"
19,"rs11883223",24.7386,7722636,"A","G"
19,"rs2081075",24.7409,7723461,"T","C"
19,"rs10418380",24.7439,7724540,"G","A"
19,"rs7408174",24.7673,7732955,"G","A"
19,"rs3219175",24.7698,7733855,"A","G"
19,"rs3745367",24.7717,7734511,"T","C"
19,"rs10401670",24.7948,7742802,"A","G"
19,"rs35387182",24.8229,7752906,"C","T"
19,"rs2277991",24.8307,7755716,"G","A"
19,"rs17159840",24.8376,7758194,"T","C"
19,"rs12971845",24.838,7758339,"G","A"
19,"rs11260013",24.8418,7759676,"C","T"
19,"rs11668338",24.8444,7760624,"T","C"
19,"rs2277989",24.8477,7761812,"A","G"
19,"rs7246264",24.851,7762978,"T","C"
19,"rs2228137",24.8517,7763248,"T","C"
19,"rs10415518",24.8536,7763917,"T","C"
19,"rs12984870",24.8543,7764157,"C","T"
19,"rs11672993",24.8561,7764810,"T","C"
19,"rs1990975",24.8602,7766274,"T","C"
19,"rs4804221",24.8683,7769188,"T","C"
19,"rs753733",24.8693,7769566,"A","G"
19,"rs12611038",24.8754,7771742,"A","G"
19,"rs10518270",24.9024,7781435,"C","T"
19,"rs11668398",24.9057,7782629,"G","A"
19,"rs4804227",24.9084,7783574,"C","A"
19,"rs1010047",24.936,7793502,"T","C"
19,"rs2277996",24.9389,7794526,"C","T"
19,"rs8112382",24.9429,7795955,"A","C"
19,"rs4804791",24.9472,7797495,"T","G"
19,"rs12611071",24.9551,7800361,"T","G"
19,"rs4804800",24.9684,7805128,"G","A"
19,"rs7248637",24.9737,7807027,"T","C"
19,"rs4804802",24.9753,7807610,"A","G"
19,"rs8105572",24.9801,7809327,"T","C"
19,"rs2287886",24.9891,7812536,"A","G"
19,"rs4804803",24.9896,7812733,"G","A"
19,"rs735239",24.9911,7813268,"C","T"
19,"rs10409294",24.9965,7815221,"T","C"
19,"rs11881682",24.997,7815376,"A","G"
19,"rs4804805",25.0002,7816546,"C","T"
19,"rs4804806",25.0005,7816625,"A","G"
19,"rs2112927",25.0241,7825104,"G","A"
19,"rs7252764",25.0297,7827137,"A","G"
19,"rs571497",25.0317,7827830,"T","C"
19,"rs2287887",25.032,7827955,"G","T"
19,"rs868875",25.041,7831166,"G","A"
19,"rs560634",25.0432,7831953,"T","G"
19,"rs8113469",25.046,7832959,"C","T"
19,"rs3745376",25.048,7833690,"A","C"
19,"rs15282",25.0496,7834274,"T","C"
19,"rs608773",25.0581,7837306,"C","T"
19,"rs621025",25.0593,7837743,"T","G"
19,"rs653488",25.0666,7840356,"G","A"
19,"rs11260030",25.0845,7846781,"T","C"
19,"rs10906990",25.0845,7846795,"T","G"
19,"rs7259539",25.0848,7846887,"T","C"
19,"rs10412466",25.0934,7849978,"C","T"
19,"rs10418839",25.1096,7855781,"T","C"
19,"rs6603125",25.1255,7861485,"C","A"
19,"rs12980113",25.1456,7868715,"A","G"
19,"rs2335859",25.1543,7871837,"C","A"
19,"rs11665760",25.1786,7880554,"T","C"
19,"rs660871",25.179,7880708,"A","C"
19,"rs580984",25.1799,7881030,"G","A"
19,"rs564745",25.1944,7886224,"T","C"
19,"rs573223",25.2181,7894732,"T","G"
19,"rs4804827",25.2287,7898541,"T","C"
19,"rs652260",25.2343,7900562,"C","T"
19,"rs1651016",25.2447,7904297,"A","G"
19,"rs555609",25.2717,7913974,"T","C"
19,"rs537188",25.293,7921623,"A","G"
19,"rs747990",25.3206,7931525,"T","C"
19,"rs525420",25.3337,7936208,"T","C"
19,"rs11260038",25.3577,7944849,"A","C"
19,"rs565989",25.369,7948890,"G","A"
19,"rs486497",25.3765,7951571,"A","C"
19,"rs483808",25.3929,7957481,"G","A"
19,"rs3745383",25.4148,7965339,"A","G"
19,"rs4804833",25.4296,7970635,"T","C"
19,"rs11879199",25.443,7975464,"C","A"
19,"rs7788",25.4783,7988117,"C","T"
19,"rs3810213",25.4953,7994233,"T","C"
19,"rs9676352",25.5102,7999567,"T","C"
19,"rs11542189",25.5114,8000001,"T","C"
19,"rs11881424",25.5202,8003149,"T","G"
19,"rs11669069",25.5365,8009016,"G","A"
19,"rs7252142",25.5449,8012015,"G","A"
19,"rs1864029",25.5611,8017819,"A","G"
19,"rs11260040",25.5694,8020793,"C","T"
19,"rs2042920",25.5802,8024684,"G","T"
19,"rs12983784",25.5825,8025491,"C","T"
19,"rs4804244",25.5868,8027055,"T","G"
19,"rs14394",25.5909,8028544,"G","A"
19,"rs1077340",25.6025,8032680,"T","C"
19,"rs1077341",25.6033,8032972,"A","G"
19,"rs731604",25.6043,8033348,"C","T"
19,"rs759817",25.6146,8037040,"T","C"
19,"rs3786619",25.6297,8042431,"A","G"
19,"rs7251814",25.6581,8052646,"A","G"
19,"rs1204494",25.6798,8060420,"T","C"
19,"rs4804249",25.7096,8071111,"T","C"
19,"rs6603134",25.8082,8106521,"T","C"
19,"rs4804252",25.8252,8112622,"A","G"
19,"rs1104768",25.8339,8115720,"C","A"
19,"rs11671930",25.8383,8117308,"G","A"
19,"rs1129763",25.8496,8121369,"A","G"
19,"rs2303164",25.8534,8122737,"C","T"
19,"rs2287936",25.8662,8127331,"T","C"
19,"rs3136657",25.8697,8128591,"C","T"
19,"rs7351083",25.8743,8130238,"T","C"
19,"rs12460243",25.8771,8131240,"A","G"
19,"rs11667975",25.8775,8131366,"A","C"
19,"rs17261710",25.8915,8136398,"G","A"
19,"rs7257948",25.8961,8138054,"G","T"
19,"rs8103218",25.9102,8143114,"A","G"
19,"rs3745393",25.9103,8143165,"C","T"
19,"rs3848570",25.918,8145928,"T","C"
19,"rs17202517",25.9246,8148301,"A","G"
19,"rs17160149",25.9247,8148314,"G","T"
19,"rs7257658",25.9386,8153323,"T","G"
19,"rs12981294",25.9467,8156221,"G","A"
19,"rs6603141",25.9519,8158074,"A","G"
19,"rs7245429",25.9555,8159362,"A","C"
19,"rs7245552",25.9556,8159409,"G","T"
19,"rs12608849",25.9582,8160334,"T","C"
19,"rs11260053",25.9664,8163296,"A","G"
19,"rs4804061",25.975,8166377,"G","A"
19,"rs12986396",25.9791,8167830,"T","C"
19,"rs7258713",25.9881,8171068,"A","G"
19,"rs10411526",25.9926,8172681,"G","A"
19,"rs10445638",25.9947,8173428,"T","C"
19,"rs11672038",25.9983,8174724,"T","C"
19,"rs12981571",26.0007,8175595,"A","G"
19,"rs17160196",26.0019,8176009,"T","C"
19,"rs12975322",26.0036,8176640,"A","G"
19,"rs4804264",26.0044,8176919,"C","T"
19,"rs4804063",26.0045,8176945,"C","T"
19,"rs2086149",26.0063,8177620,"T","C"
19,"rs12460407",26.0159,8181037,"G","A"
19,"rs4527136",26.0311,8186519,"T","C"
19,"rs3813778",26.0447,8191401,"T","C"
19,"rs3813774",26.0589,8196499,"A","G"
19,"rs8112525",26.0716,8201051,"T","C"
19,"rs2061776",26.0753,8202373,"A","G"
19,"rs7246376",26.078,8203328,"A","G"
19,"rs12162233",26.0875,8206748,"T","C"
19,"rs11260062",26.1104,8214970,"G","T"
19,"rs12150883",26.1182,8217766,"T","C"
19,"rs10409055",26.1251,8220233,"T","C"
19,"rs10416763",26.1599,8232734,"T","C"
19,"rs8110054",26.1813,8240413,"G","A"
19,"rs8112582",26.1871,8242511,"T","G"
19,"rs7250249",26.2097,8250610,"C","T"
19,"rs11669207",26.2168,8253156,"G","A"
19,"rs2100944",26.2962,8281635,"C","T"
19,"rs11666866",26.3072,8285607,"A","G"
19,"rs1466448",26.3181,8289519,"C","A"
19,"rs2967625",26.3429,8298411,"C","T"
19,"rs1466447",26.3575,8303650,"C","T"
19,"rs1007545",26.3577,8303705,"A","G"
19,"rs1124626",26.3631,8305642,"A","G"
19,"rs1542538",26.3674,8307183,"A","G"
19,"rs11666971",26.3705,8308312,"C","T"
19,"rs2967622",26.3709,8308446,"T","C"
19,"rs11672652",26.3723,8308957,"A","G"
19,"rs10409603",26.3852,8313573,"T","C"
19,"rs379983",26.3915,8315847,"A","G"
19,"rs17160333",26.3928,8316310,"C","T"
19,"rs367443",26.4,8318879,"T","C"
19,"rs2306199",26.4056,8320890,"G","T"
19,"rs36247",26.4085,8321946,"G","A"
19,"rs36248",26.4086,8321969,"A","G"
19,"rs2913987",26.4166,8324836,"T","G"
19,"rs36253",26.4167,8324893,"C","A"
19,"rs17160348",26.4222,8326866,"A","G"
19,"rs36259",26.4223,8326904,"G","A"
19,"rs193933",26.4348,8331375,"G","A"
19,"rs250508",26.4429,8334280,"A","G"
19,"rs7250584",26.4468,8335689,"T","C"
19,"rs250510",26.5341,8367033,"A","G"
19,"rs2336573",26.536,8367709,"T","C"
19,"rs2232783",26.539,8368794,"T","G"
19,"rs2232778",26.5427,8370120,"A","G"
19,"rs561",26.5603,8376431,"A","G"
19,"rs7249111",26.5671,8378870,"T","C"
19,"rs2241592",26.5878,8386306,"T","C"
19,"rs2241590",26.5889,8386701,"T","C"
19,"rs4147644",26.5898,8386998,"C","T"
19,"rs2972574",26.6095,8394092,"A","G"
19,"rs8106699",26.624,8399272,"T","C"
19,"rs7258466",26.6513,8409074,"T","C"
19,"rs12985515",26.7132,8431316,"G","A"
19,"rs2278236",26.714,8431581,"T","C"
19,"rs1044250",26.7267,8436164,"A","G"
19,"rs7254882",26.776,8453822,"G","A"
19,"rs2967614",26.788,8458145,"G","A"
19,"rs754671",26.7903,8458960,"G","A"
19,"rs2913968",26.8133,8467235,"G","A"
19,"rs2230876",26.8164,8468337,"A","G"
19,"rs2967618",26.8209,8469963,"A","G"
19,"rs11667516",26.8386,8476316,"A","G"
19,"rs11882865",26.8681,8486884,"T","C"
19,"rs10469477",26.8683,8486953,"A","G"
19,"rs10409969",26.8733,8488751,"A","G"
19,"rs3815783",26.9131,8503025,"T","C"
19,"rs17160489",26.928,8508391,"C","T"
19,"rs563320",26.9531,8517386,"A","C"
19,"rs7248130",26.9593,8519627,"C","T"
19,"rs3764570",26.9834,8528277,"G","A"
19,"rs12610448",26.9944,8532219,"T","C"
19,"rs10421511",26.9992,8533925,"T","C"
19,"rs7255548",27.0237,8542737,"G","A"
19,"rs11881002",27.0264,8543713,"T","C"
19,"rs7507526",27.0532,8553322,"G","A"
19,"rs4804305",27.0844,8564523,"G","T"
19,"rs968500",27.0928,8567548,"G","A"
19,"rs889181",27.1027,8571079,"A","G"
19,"rs889180",27.1033,8571303,"G","A"
19,"rs11259989",27.105,8571929,"G","A"
19,"rs2910443",27.1172,8576307,"G","A"
19,"rs2967578",27.1216,8577868,"G","A"
19,"rs2287863",27.1248,8579011,"C","T"
19,"rs1054623",27.1445,8586086,"T","G"
19,"rs10408143",27.1492,8587782,"G","A"
19,"rs11882393",27.1739,8596621,"A","C"
19,"rs2967776",27.212,8610313,"G","A"
19,"rs17160563",27.2192,8612914,"T","C"
19,"rs2303686",27.2258,8615268,"G","A"
19,"rs12460069",27.2655,8629500,"T","C"
19,"rs10416597",27.2741,8632587,"G","A"
19,"rs11672367",27.2779,8633943,"A","G"
19,"rs11259990",27.2801,8634766,"C","T"
19,"rs12460946",27.2839,8636109,"A","G"
19,"rs4542783",27.3007,8642160,"G","A"
19,"rs34367204",27.303,8642982,"C","T"
19,"rs4072910",27.306,8644031,"G","C"
19,"rs8106916",27.3401,8656281,"C","T"
19,"rs28433973",27.3529,8660890,"A","G"
19,"rs8108747",27.3731,8668121,"T","C"
19,"rs7249094",27.3839,8672000,"T","C"
19,"rs11259994",27.4106,8681588,"G","T"
19,"rs7254400",27.5748,8740520,"A","C"
19,"rs1561405",27.6039,8750970,"G","T"
19,"rs1561406",27.6043,8751106,"A","C"
19,"rs2967720",27.613,8754222,"A","G"
19,"rs2118706",27.6149,8754907,"C","T"
19,"rs2967721",27.6231,8757835,"C","T"
19,"rs2918316",27.6286,8759818,"C","T"
19,"rs4804075",27.6807,8778516,"A","G"
19,"rs2967682",27.6947,8783532,"T","G"
19,"rs12611036",27.6973,8784481,"T","C"
19,"rs2918300",27.7044,8787027,"A","G"
19,"rs4804078",27.7047,8787140,"A","C"
19,"rs10422871",27.7105,8789227,"A","G"
19,"rs2967674",27.7111,8789440,"T","G"
19,"rs2967675",27.7112,8789484,"T","C"
19,"rs12151343",27.7121,8789773,"T","C"
19,"rs3764551",27.7582,8806327,"A","G"
19,"rs4804079",27.7639,8808373,"G","T"
19,"rs10410943",27.7654,8808900,"A","G"
19,"rs11086000",27.7667,8809399,"C","T"
19,"rs7254503",27.77,8810578,"T","C"
19,"rs214737",27.7769,8813050,"T","C"
19,"rs301407",27.7821,8814892,"A","G"
19,"rs301409",27.783,8815249,"C","T"
19,"rs301410",27.7833,8815355,"T","C"
19,"rs301424",27.809,8824564,"C","T"
19,"rs17415563",27.8242,8830013,"C","T"
19,"rs36243",27.8361,8834276,"T","C"
19,"rs36242",27.8365,8834439,"A","G"
19,"rs36240",27.855,8841079,"T","C"
19,"rs2918294",28.0333,8905057,"T","C"
19,"rs2910344",28.0777,8920984,"T","C"
19,"rs250316",28.0778,8921033,"G","A"
19,"rs1582532",28.0791,8921486,"C","T"
19,"rs250315",28.0836,8923117,"A","G"
19,"rs250313",28.09,8925400,"G","A"
19,"rs2967764",28.0985,8928467,"A","G"
19,"rs2967749",28.1165,8934907,"G","A"
19,"rs1423049",28.1179,8935418,"A","G"
19,"rs4804367",28.161,8950884,"T","G"
19,"rs8100230",28.1642,8952055,"G","A"
19,"rs2969292",28.1691,8953801,"A","G"
19,"rs2972588",28.1694,8953922,"C","T"
19,"rs17417136",28.1699,8954088,"T","C"
19,"rs8105922",28.1779,8956971,"C","T"
19,"rs2341323",28.1872,8960310,"C","T"
19,"rs1035442",28.1919,8961981,"C","G"
19,"rs2059136",28.2044,8966475,"C","T"
19,"rs3764554",28.2323,8976471,"T","C"
19,"rs11881361",28.2603,8986529,"C","T"
19,"rs3764556",28.2622,8987218,"T","G"
19,"rs11672574",28.2863,8995853,"T","C"
19,"rs3829661",28.2886,8996695,"G","T"
19,"rs11085766",28.2969,8999675,"T","G"
19,"rs4804375",28.3138,9005719,"T","C"
19,"rs10854117",28.335,9013355,"A","G"
19,"rs881877",28.352,9019429,"G","A"
19,"rs11882373",28.3542,9020211,"C","T"
19,"rs11085780",28.3554,9020666,"C","A"
19,"rs7260214",28.3721,9026651,"A","G"
19,"rs11669700",28.3913,9033548,"T","C"
19,"rs12981608",28.4014,9037160,"G","T"
19,"rs12978064",28.4057,9038696,"C","A"
19,"rs12982977",28.4146,9043021,"G","A"
19,"rs17515517",28.4172,9044534,"T","C"
19,"rs12984694",28.4188,9045518,"C","A"
19,"rs4804378",28.4211,9046876,"A","C"
19,"rs10410169",28.4218,9047267,"A","G"
19,"rs12461007",28.4249,9049149,"T","C"
19,"rs7507380",28.4301,9052236,"A","G"
19,"rs918535",28.438,9056930,"G","T"
19,"rs1895364",28.4393,9057687,"T","C"
19,"rs2216662",28.4393,9057721,"T","C"
19,"rs12710265",28.4419,9059232,"C","T"
19,"rs7508222",28.4428,9059808,"A","G"
19,"rs11882256",28.4441,9060541,"A","G"
19,"rs2216663",28.4443,9060656,"A","G"
19,"rs12978757",28.4472,9062415,"T","G"
19,"rs2547063",28.4474,9062544,"T","G"
19,"rs2547064",28.4493,9063678,"C","A"
19,"rs1867692",28.4524,9065510,"A","G"
19,"rs1867691",28.4526,9065632,"G","A"
19,"rs17000770",28.4536,9066259,"C","T"
19,"rs7250080",28.4575,9068530,"T","C"
19,"rs1862458",28.4596,9069792,"T","C"
19,"rs1862460",28.4597,9069892,"C","A"
19,"rs1344572",28.4603,9070194,"A","G"
19,"rs2547067",28.4613,9070837,"C","T"
19,"rs2591590",28.4645,9072742,"C","T"
19,"rs10406209",28.4671,9074265,"A","G"
19,"rs2591591",28.4682,9074950,"A","C"
19,"rs2591592",28.4689,9075346,"T","A"
19,"rs2547070",28.4694,9075635,"A","G"
19,"rs2591593",28.47,9075969,"A","G"
19,"rs2547072",28.4701,9076083,"T","C"
19,"rs953551",28.4705,9076278,"A","G"
19,"rs2591594",28.4712,9076728,"A","G"
19,"rs2547074",28.4714,9076858,"T","C"
19,"rs2547076",28.4716,9076950,"A","C"
19,"rs2591595",28.4717,9076991,"A","G"
19,"rs7254941",28.472,9077196,"T","C"
19,"rs1862462",28.4724,9077436,"A","G"
19,"rs2591597",28.473,9077803,"C","T"
19,"rs2431793",28.4738,9078257,"C","T"
19,"rs12608495",28.482,9083124,"A","G"
19,"rs7245949",28.482,9083143,"A","G"
19,"rs7245960",28.482,9083174,"A","G"
19,"rs1609453",28.4825,9083427,"G","A"
19,"rs1609460",28.4837,9084183,"C","T"
19,"rs1609459",28.4838,9084216,"C","T"
19,"rs11085805",28.4851,9085004,"C","T"
19,"rs1574479",28.4862,9085643,"G","A"
19,"rs10402812",28.487,9086123,"G","T"
19,"rs4520945",28.4873,9086318,"T","C"
19,"rs12611293",28.4897,9087758,"A","G"
19,"rs1596797",28.4902,9088017,"A","C"
19,"rs4408643",28.504,9096252,"T","C"
19,"rs4435373",28.5041,9096304,"A","G"
19,"rs8111161",28.5131,9101672,"G","A"
19,"rs10417520",28.5142,9102315,"A","G"
19,"rs10426146",28.5212,9106505,"G","A"
19,"rs10426826",28.5228,9107432,"G","A"
19,"rs8111512",28.5244,9108393,"T","C"
19,"rs10423092",28.5368,9115765,"C","T"
19,"rs1469082",28.541,9118319,"T","C"
19,"rs4804394",28.5426,9119242,"C","T"
19,"rs8101404",28.5807,9141939,"G","A"
19,"rs8100377",28.5823,9142925,"G","A"
19,"rs8109594",28.5883,9146472,"T","C"
19,"rs6511838",28.5956,9150838,"A","G"
19,"rs7249334",28.608,9158204,"T","C"
19,"rs13345002",28.6254,9168586,"G","A"
19,"rs11670174",28.6315,9172182,"T","C"
19,"rs12972439",28.6316,9172264,"A","G"
19,"rs2591600",28.646,9180877,"T","G"
19,"rs2436461",28.664,9191603,"C","T"
19,"rs2441035",28.6708,9195598,"A","C"
19,"rs2591605",28.6727,9196725,"G","A"
19,"rs1823058",28.6768,9199226,"G","A"
19,"rs2591602",28.6769,9199262,"G","A"
19,"rs2569402",28.6782,9200017,"A","G"
19,"rs10409375",28.6919,9208186,"T","C"
19,"rs4804400",28.7,9213026,"C","T"
19,"rs4804401",28.7001,9213079,"G","T"
19,"rs12610094",28.7002,9213132,"G","A"
19,"rs955628",28.7086,9218125,"T","C"
19,"rs11883139",28.7137,9221178,"G","A"
19,"rs8110010",28.7144,9221574,"T","C"
19,"rs12976036",28.7162,9222689,"G","A"
19,"rs2195951",28.7213,9225685,"G","A"
19,"rs7246980",28.7217,9225973,"A","G"
19,"rs6511874",28.7221,9226192,"C","T"
19,"rs17001807",28.7239,9227240,"T","C"
19,"rs1036224",28.7255,9228196,"T","C"
19,"rs4613182",28.7329,9232624,"T","G"
19,"rs10424352",28.7401,9236886,"C","T"
19,"rs10414255",28.7412,9237542,"C","T"
19,"rs714395",28.7557,9246205,"T","C"
19,"rs8103016",28.7627,9250370,"T","C"
19,"rs17002013",28.7641,9251220,"A","G"
19,"rs10408924",28.7673,9253139,"C","A"
19,"rs2033483",28.7694,9254342,"C","T"
19,"rs8100137",28.7766,9258650,"A","G"
19,"rs17304527",28.7779,9259416,"C","T"
19,"rs8112516",28.7867,9264681,"G","A"
19,"rs3752199",28.7911,9267319,"A","C"
19,"rs10445619",28.7994,9272254,"G","A"
19,"rs10412817",28.8269,9288638,"G","A"
19,"rs12610639",28.8276,9289039,"C","A"
19,"rs10405511",28.8386,9295591,"C","T"
19,"rs6511918",28.8433,9298364,"A","G"
19,"rs7254803",28.8453,9299576,"A","C"
19,"rs13345998",28.848,9301166,"G","T"
19,"rs10415904",28.8697,9314135,"C","A"
19,"rs7260343",28.8747,9317125,"T","C"
19,"rs8102181",28.876,9317864,"C","T"
19,"rs10407714",28.8783,9319223,"T","C"
19,"rs8101575",28.8941,9328662,"A","G"
19,"rs10412966",28.8967,9330192,"A","G"
19,"rs10402800",28.8971,9330436,"C","A"
19,"rs7260166",28.9121,9339399,"G","A"
19,"rs2015157",28.9245,9346762,"G","T"
19,"rs2191667",28.9276,9348586,"G","T"
19,"rs10408761",28.9289,9349367,"G","A"
19,"rs4635448",28.929,9349460,"A","G"
19,"rs10407146",28.9366,9354001,"G","T"
19,"rs12609243",28.9487,9361196,"A","G"
19,"rs12608694",28.9489,9361302,"G","A"
19,"rs2240927",28.9506,9362343,"A","G"
19,"rs917707",28.9514,9362799,"G","T"
19,"rs10414250",28.9764,9377716,"A","G"
19,"rs8104971",28.9819,9380978,"C","T"
19,"rs10418968",29.0064,9395584,"A","G"
19,"rs12975784",29.0158,9401159,"T","C"
19,"rs16979417",29.0221,9404914,"A","G"
19,"rs10745023",29.0372,9413896,"T","G"
19,"rs12150874",29.0376,9414155,"A","G"
19,"rs6512047",29.0773,9437812,"G","A"
19,"rs10411146",29.0791,9438867,"A","C"
19,"rs10401135",29.0866,9443332,"T","C"
19,"rs17265036",29.1004,9451577,"T","C"
19,"rs16979670",29.1026,9452879,"A","C"
19,"rs10418104",29.1068,9455390,"A","G"
19,"rs7253373",29.1082,9456230,"C","T"
19,"rs1865040",29.1099,9457246,"C","T"
19,"rs2278406",29.1368,9473229,"G","T"
19,"rs11671851",29.164,9489454,"G","A"
19,"rs2217652",29.1663,9490814,"G","A"
19,"rs3826783",29.1685,9492141,"C","T"
19,"rs6512110",29.2199,9522724,"T","C"
19,"rs10515",29.2215,9523724,"T","C"
19,"rs2241356",29.2223,9524185,"A","G"
19,"rs11880207",29.2349,9531693,"G","A"
19,"rs10411141",29.2425,9536203,"G","A"
19,"rs10404721",29.2519,9541833,"A","C"
19,"rs1433060",29.2595,9546329,"A","C"
19,"rs4804108",29.2755,9555855,"C","T"
19,"rs4804109",29.2758,9556039,"G","A"
19,"rs4133457",29.2899,9564428,"T","C"
19,"rs2287698",29.3161,9580034,"G","T"
19,"rs7257399",29.3175,9580866,"G","A"
19,"rs971366",29.3472,9598587,"A","G"
19,"rs10415281",29.3479,9599034,"T","C"
19,"rs11669128",29.3515,9601155,"A","C"
19,"rs10854157",29.3604,9606461,"C","T"
19,"rs8111172",29.3998,9629924,"G","A"
19,"rs11666253",29.4128,9637688,"T","C"
19,"rs2042200",29.4283,9646898,"A","G"
19,"rs8109844",29.4617,9666647,"T","C"
19,"rs12459211",29.4628,9667235,"G","A"
19,"rs1203010",29.4671,9669468,"C","T"
19,"rs10417481",29.5038,9688337,"A","G"
19,"rs10401405",29.5447,9709433,"C","A"
19,"rs10422772",29.5719,9723423,"T","C"
19,"rs11085238",29.6048,9740346,"G","A"
19,"rs10405652",29.6063,9741123,"A","C"
19,"rs10411082",29.6065,9741216,"A","G"
19,"rs10405845",29.6533,9765366,"A","G"
19,"rs7249924",29.6547,9766035,"T","C"
19,"rs10422028",29.6844,9781354,"G","A"
19,"rs10500208",29.7212,9800290,"A","G"
19,"rs16982090",29.728,9803806,"T","C"
19,"rs1820114",29.7317,9805692,"T","C"
19,"rs11881590",29.7401,9810038,"C","T"
19,"rs13345301",29.7556,9818029,"T","C"
19,"rs10417523",29.7598,9820194,"G","T"
19,"rs10414758",29.7898,9835620,"A","G"
19,"rs10405818",29.8074,9844719,"T","G"
19,"rs10415132",29.8439,9863483,"A","G"
19,"rs10414485",29.8534,9868404,"T","C"
19,"rs7247038",29.8734,9878695,"C","T"
19,"rs10419441",29.8784,9881256,"G","A"
19,"rs7246772",29.8881,9886283,"A","G"
19,"rs10425775",29.9399,9912917,"T","C"
19,"rs7246760",29.9502,9918229,"T","C"
19,"rs2081066",29.9692,9928044,"T","C"
19,"rs10416236",29.9712,9929038,"G","A"
19,"rs3859512",29.9785,9932831,"A","G"
19,"rs10421336",29.9921,9939831,"G","A"
19,"rs2233679",30.0028,9945354,"C","T"
19,"rs1077220",30.0059,9946917,"T","C"
19,"rs889162",30.0156,9951916,"A","G"
19,"rs2303100",30.0477,9968434,"C","T"
19,"rs10415033",30.0539,9971636,"G","A"
19,"rs12609594",30.0554,9972417,"T","G"
19,"rs16996255",30.0756,9982810,"G","A"
19,"rs4804469",30.0875,9988952,"A","G"
19,"rs889123",30.1009,9995843,"C","T"
19,"rs889122",30.1009,9995867,"T","G"
19,"rs9304984",30.1036,9997218,"T","C"
19,"rs8113425",30.1096,10000306,"A","G"
19,"rs12979274",30.1108,10000925,"T","C"
19,"rs6511235",30.1336,10012666,"G","A"
19,"rs7246906",30.1422,10017135,"A","C"
19,"rs6511284",30.1966,10045125,"T","G"
19,"rs8100015",30.2064,10050184,"A","G"
19,"rs12459673",30.2244,10059428,"A","G"
19,"rs12461967",30.242,10068513,"G","A"
19,"rs13822",30.2459,10070500,"A","G"
19,"rs10406152",30.247,10071063,"A","G"
19,"rs2277969",30.2475,10071347,"T","C"
19,"rs918542",30.2481,10071634,"A","G"
19,"rs12461154",30.2513,10073324,"C","A"
19,"rs746052",30.2576,10076526,"A","G"
19,"rs3815748",30.2616,10078589,"C","T"
19,"rs3815746",30.2626,10079093,"A","G"
19,"rs2161468",30.2804,10088271,"G","C"
19,"rs2287807",30.2986,10097667,"A","G"
19,"rs7248892",30.3074,10102177,"T","C"
19,"rs3745594",30.3203,10108850,"C","T"
19,"rs3745597",30.3208,10109095,"T","C"
19,"rs8102728",30.3246,10111065,"A","G"
19,"rs2287802",30.3278,10112688,"C","T"
19,"rs2303099",30.3349,10116375,"T","G"
19,"rs889125",30.3431,10120571,"C","A"
19,"rs3786701",30.3507,10124504,"T","C"
19,"rs1644733",30.36,10129262,"C","T"
19,"rs1644731",30.3653,10131999,"G","A"
19,"rs2431820",30.3717,10135284,"C","T"
19,"rs1673130",30.3724,10135687,"T","C"
19,"rs10401453",30.3763,10137663,"C","T"
19,"rs7257146",30.3795,10139339,"A","G"
19,"rs10410885",30.3868,10143082,"A","G"
19,"rs10414528",30.3971,10148364,"T","C"
19,"rs16997792",30.3987,10149223,"A","G"
19,"rs7249755",30.408,10154022,"G","A"
19,"rs11085554",30.4208,10160578,"A","G"
19,"rs8113341",30.4312,10165932,"A","G"
19,"rs10403787",30.432,10166375,"A","G"
19,"rs17211059",30.4375,10169208,"A","G"
19,"rs1993466",30.4376,10169245,"G","A"
19,"rs11667703",30.4376,10169261,"T","C"
