"LDL","HDL","LipoA","Trig"
0.0022093,0.00094526,0.14438,0.0025876
0.0027711,0.0011869,0.18141,0.0032463
0.0022624,0.00096861,0.14786,0.0026498
0.0026061,0.0011158,0.17021,0.0030524
0.0029721,0.001272,0.19407,0.0034817
0.0024859,0.0010652,0.1626,0.0029119
0.0032913,0.0014098,0.21537,0.0038551
0.0023284,0.00099697,0.15216,0.0027275
0.0032781,0.0014032,0.21424,0.0038394
0.0023596,0.0010101,0.15436,0.002764
0.0023461,0.0010043,0.15348,0.0027481
0.0023664,0.0010131,0.15481,0.0027719
0.0039808,0.0017024,0.26035,0.0046625
0.0029972,0.0012838,0.19583,0.0035109
0.002971,0.0012725,0.19411,0.0034801
0.005539,0.0023706,0.36269,0.0064886
0.003606,0.0015427,0.23586,0.0042238
0.002112,0.00090439,0.13824,0.0024739
0.002605,0.0011155,0.17004,0.003051
0.0026379,0.0011288,0.17234,0.0030897
0.002577,0.0011034,0.16824,0.0030183
0.0021865,0.00093612,0.14288,0.0025609
0.0029154,0.001248,0.19055,0.0034149
0.0024006,0.0010279,0.15676,0.0028117
0.0020435,0.00087487,0.13357,0.0023936
0.0020441,0.00087509,0.1336,0.0023942
0.0024058,0.0010301,0.1571,0.0028178
0.0024071,0.0010307,0.15721,0.0028193
0.0020522,0.00087875,0.13418,0.0024038
0.0021537,0.00092229,0.14068,0.0025226
0.0021186,0.00090716,0.13841,0.0024815
0.002136,0.00091468,0.13956,0.0025018
0.006764,0.0028961,0.44229,0.0079253
0.032196,0.013861,2.1006,0.037732
0.0038266,0.001637,0.24995,0.0044822
0.0039392,0.0016864,0.25761,0.0046145
0.0020893,0.00089451,0.13652,0.0024471
0.0039622,0.0016963,0.25912,0.0046414
0.0060608,0.0025948,0.39773,0.0070992
0.0020444,0.00087541,0.13364,0.0023947
0.0050774,0.0021726,0.33142,0.0059473
0.0022228,0.00095176,0.14533,0.0026037
0.0022235,0.00095204,0.14537,0.0026044
0.0054173,0.0023186,0.3546,0.0063451
0.0021434,0.00091806,0.14014,0.0025106
0.0022652,0.00097033,0.14808,0.0026532
0.0021494,0.0009206,0.14051,0.0025177
0.0021517,0.00092156,0.14067,0.0025204
0.0021736,0.00093087,0.14209,0.0025458
0.0020607,0.00088236,0.13471,0.0024137
0.0022221,0.00095105,0.14524,0.0026026
0.0022214,0.00095101,0.14532,0.0026021
0.0022231,0.00095162,0.14527,0.002604
0.0023913,0.0010241,0.15636,0.0028011
0.0022928,0.00098178,0.14981,0.0026857
0.0020962,0.00089748,0.137,0.0024554
0.0029455,0.0012607,0.19259,0.00345
0.0021578,0.00092424,0.14103,0.0025275
0.0022393,0.00095886,0.14633,0.0026227
0.0022634,0.00096927,0.14794,0.002651
0.0031935,0.0013687,0.20872,0.0037406
0.0021511,0.0009214,0.14058,0.0025196
0.0025836,0.0011069,0.16882,0.003026
0.0024791,0.0010614,0.16194,0.0029037
0.0048481,0.0020716,0.31617,0.0056781
0.0024782,0.0010615,0.16194,0.0029031
0.0021301,0.00091199,0.13923,0.0024949
0.0024948,0.0010684,0.16304,0.0029225
0.0024877,0.0010658,0.16267,0.0029141
0.019143,0.0082103,1.2509,0.022429
0.0023244,0.00099517,0.15198,0.0027229
0.0023422,0.0010027,0.15317,0.0027437
0.0021018,0.00089998,0.13747,0.0024619
0.0022534,0.0009647,0.14734,0.0026396
0.0022508,0.00096374,0.14707,0.0026363
0.0020555,0.0008799,0.13426,0.0024077
0.0025998,0.0011131,0.16994,0.0030456
0.0020644,0.00088351,0.13492,0.0024181
0.0041617,0.0017824,0.27168,0.0048748
0.0022873,0.00097881,0.14955,0.002679
0.0021752,0.00093111,0.142,0.0025479
0.0024832,0.0010627,0.16237,0.0029084
0.0028216,0.0012078,0.18467,0.0033051
0.0022779,0.0009752,0.14894,0.0026681
0.002261,0.00096775,0.14781,0.0026482
0.0027568,0.0011808,0.18008,0.0032289
0.0020453,0.00087567,0.13366,0.0023958
0.0023047,0.00098713,0.1505,0.0026995
0.0043688,0.0018735,0.28561,0.0051182
0.0048822,0.0020914,0.31884,0.0057176
0.0020584,0.00088137,0.13442,0.002411
0.0025231,0.0010796,0.16494,0.0029552
0.0021884,0.00093733,0.14304,0.0025633
0.0029684,0.0012727,0.19394,0.0034772
0.0022056,0.00094428,0.14428,0.0025836
0.0020689,0.00088621,0.13522,0.0024233
0.0029818,0.0012772,0.19529,0.0034927
0.0020789,0.00089007,0.13583,0.0024351
0.0021865,0.0009359,0.1429,0.002561
0.002073,0.00088751,0.13545,0.0024282
0.0024518,0.0010498,0.16042,0.0028721
0.0050609,0.0021655,0.33142,0.0059281
0.0020448,0.00087548,0.1336,0.0023951
0.002045,0.00087556,0.13362,0.0023953
0.0024676,0.0010562,0.16132,0.0028903
0.0028266,0.0012091,0.18472,0.0033106
0.0026074,0.0011168,0.1704,0.0030542
0.0027971,0.0011978,0.18283,0.0032762
0.0027594,0.001182,0.18049,0.0032322
0.0022453,0.00096112,0.14683,0.0026298
0.0075914,0.00325,0.49634,0.0088917
0.0025216,0.001079,0.1649,0.0029535
0.002048,0.00087706,0.13396,0.0023989
0.0021663,0.00092744,0.14166,0.0025374
0.0021029,0.00090041,0.13743,0.0024631
0.0021034,0.00090065,0.13747,0.0024638
0.0028351,0.0012134,0.18533,0.0033203
0.0041625,0.0017828,0.27171,0.0048748
0.0021149,0.00090524,0.13827,0.0024771
0.0025922,0.0011097,0.16957,0.0030363
0.0027858,0.001193,0.18216,0.0032631
0.0023036,0.00098654,0.15058,0.0026982
0.0021642,0.00092659,0.14148,0.0025348
0.0025288,0.0010831,0.16535,0.0029621
0.0031631,0.0013549,0.20678,0.0037054
0.003169,0.0013574,0.20719,0.0037123
0.0041541,0.0017792,0.27183,0.0048656
0.0020942,0.00089633,0.13688,0.0024528
0.0020592,0.00088121,0.13453,0.0024118
0.0021081,0.00090232,0.13774,0.0024691
0.0022276,0.00095367,0.14556,0.002609
0.0035562,0.0015221,0.23252,0.004165
0.0035491,0.001519,0.23208,0.0041567
0.014329,0.0061172,0.93734,0.01678
0.0022887,0.00097971,0.14967,0.0026807
0.0024434,0.001046,0.15978,0.0028619
0.0035524,0.0015203,0.2323,0.0041606
0.0023049,0.0009867,0.15072,0.0026995
0.0022056,0.00094431,0.14417,0.0025834
0.0044616,0.0019106,0.29252,0.0052254
0.0024239,0.0010374,0.15857,0.0028391
0.0021559,0.00092279,0.14084,0.0025252
0.002393,0.0010243,0.15635,0.0028029
0.0024978,0.0010693,0.16333,0.0029255
0.0024307,0.0010406,0.15897,0.0028472
0.0021268,0.00091023,0.13909,0.0024911
0.0021569,0.00092309,0.14103,0.0025265
0.002292,0.00098124,0.14985,0.0026847
0.0020685,0.00088563,0.13516,0.0024229
0.0023868,0.0010217,0.15602,0.0027957
0.0026736,0.0011447,0.1748,0.0031314
0.0031346,0.001343,0.20474,0.0036717
0.0030283,0.0012973,0.19777,0.0035471
0.0031834,0.0013636,0.20795,0.0037285
0.0035426,0.001516,0.23175,0.0041498
0.0020754,0.00088826,0.13558,0.0024311
0.0021758,0.00093168,0.14207,0.0025487
0.0038041,0.0016296,0.24886,0.0044564
0.0026456,0.0011327,0.17276,0.0030989
0.0042931,0.0018389,0.28057,0.0050279
0.0041239,0.0017663,0.26939,0.0048309
0.0029776,0.0012757,0.19441,0.0034878
0.0023434,0.0010033,0.15317,0.0027448
0.0027168,0.001164,0.17752,0.0031824
0.0024296,0.0010406,0.1587,0.0028459
0.0092823,0.0039718,0.60656,0.01087
0.0028387,0.0012149,0.1857,0.003325
0.0026419,0.0011318,0.17261,0.0030946
0.0033088,0.0014164,0.21629,0.0038752
0.0088747,0.0037999,0.58079,0.010393
0.0020485,0.00087695,0.13398,0.0023996
0.0030793,0.00132,0.20111,0.0036072
0.0088758,0.0038077,0.57842,0.010399
0.0020529,0.00087899,0.13429,0.0024046
0.0020531,0.00087904,0.1343,0.0024048
0.0020532,0.00087908,0.13431,0.0024049
0.0020976,0.00089803,0.1372,0.002457
0.0052404,0.0022453,0.34216,0.0061364
0.002098,0.00089814,0.13724,0.0024575
0.0020603,0.00088209,0.13474,0.0024132
0.0076421,0.0032729,0.50096,0.0089516
0.0020503,0.00087783,0.13406,0.0024015
0.0036634,0.0015671,0.23947,0.0042913
0.0020514,0.00087813,0.13415,0.0024029
0.0022984,0.00098377,0.15034,0.0026922
0.0022542,0.0009652,0.1474,0.0026404
0.0020515,0.00087852,0.13413,0.002403
0.0020771,0.0008893,0.13584,0.002433
0.0021242,0.00090954,0.13887,0.0024882
0.0027823,0.0011919,0.18176,0.0032589
0.0039689,0.0016988,0.25931,0.0046487
0.0024583,0.0010523,0.16061,0.0028792
0.012895,0.0055164,0.8488,0.015109
0.0029153,0.0012476,0.19056,0.0034145
0.0036486,0.0015613,0.23856,0.0042737
0.0028842,0.0012344,0.18847,0.0033781
0.0057129,0.0024501,0.37345,0.0066921
0.0023952,0.0010253,0.15661,0.0028055
0.0021455,0.00091863,0.14022,0.0025129
0.002505,0.0010724,0.1638,0.0029339
0.0022705,0.0009717,0.14849,0.0026594
0.0048652,0.0020791,0.31853,0.0056994
0.010701,0.0045717,0.69759,0.012525
0.0023095,0.00098919,0.15092,0.0027053
0.003247,0.0013904,0.21256,0.0038035
0.0035547,0.001523,0.23198,0.0041639
0.0023422,0.0010024,0.15311,0.0027435
0.0038862,0.0016655,0.25391,0.0045524
0.002311,0.00098931,0.15089,0.0027069
0.0023092,0.00098851,0.15078,0.0027047
0.0026527,0.0011361,0.17324,0.0031071
0.0024728,0.0010585,0.1616,0.0028963
0.0026698,0.0011437,0.1746,0.0031273
0.0024706,0.0010576,0.16145,0.0028938
0.0032039,0.0013716,0.20927,0.0037527
0.0023577,0.0010095,0.15403,0.0027616
0.002141,0.00091717,0.14001,0.0025078
0.0020874,0.00089353,0.13642,0.002445
0.0021273,0.00091052,0.13904,0.0024917
0.0022957,0.00098326,0.15019,0.0026891
0.0020912,0.00089516,0.13671,0.0024494
0.0036025,0.0015406,0.23557,0.0042203
0.0035859,0.0015334,0.23446,0.0042009
0.0023093,0.00098923,0.1511,0.0027051
0.0021589,0.00092452,0.14116,0.002529
0.0024065,0.0010306,0.15733,0.0028191
0.0021132,0.00090512,0.1382,0.0024754
0.013395,0.0057607,0.86901,0.015689
0.0020518,0.00087873,0.13421,0.0024034
0.002436,0.0010433,0.15925,0.0028532
0.0027274,0.0011681,0.17852,0.0031945
0.0023031,0.0009864,0.15053,0.0026976
0.005177,0.0022165,0.33774,0.0060649
0.0047783,0.0020463,0.31166,0.0055984
0.0049228,0.002107,0.32121,0.0057677
0.0022489,0.00096305,0.14698,0.0026342
0.0022507,0.00096378,0.14709,0.0026362
0.0022507,0.00096356,0.14706,0.0026362
0.0020676,0.00088553,0.13518,0.0024219
0.0024379,0.0010433,0.15933,0.0028555
0.0022433,0.00096059,0.14656,0.0026275
0.0026856,0.0011497,0.17561,0.0031457
0.0050917,0.0021791,0.33224,0.0059658
0.0027799,0.0011905,0.18185,0.0032561
0.0021407,0.00091641,0.14004,0.0025076
0.0025849,0.0011068,0.169,0.0030278
0.0026046,0.0011158,0.17026,0.0030508
0.0031641,0.0013546,0.20681,0.0037057
0.0020616,0.00088285,0.13474,0.0024148
0.0023638,0.0010121,0.15446,0.0027689
0.0031667,0.0013546,0.20676,0.0037091
0.0020822,0.00089139,0.1362,0.0024389
0.0033249,0.001424,0.21735,0.0038945
0.00213,0.0009118,0.13927,0.002495
0.0026967,0.0011535,0.17611,0.0031587
0.0022957,0.00098277,0.15006,0.002689
0.0021046,0.00090089,0.13749,0.002465
0.0023165,0.00099168,0.15131,0.0027135
0.0034807,0.0014899,0.22723,0.0040774
0.0023537,0.0010078,0.15392,0.0027567
0.0031299,0.0013395,0.20443,0.0036662
0.0020799,0.00089008,0.13596,0.002436
0.0020863,0.00089344,0.13632,0.0024435
0.0021487,0.00091924,0.14054,0.0025165
0.0023323,0.0009981,0.15247,0.0027317
0.0020498,0.00087741,0.134,0.0024008
0.0022748,0.00097339,0.1488,0.0026641
0.0021153,0.00090529,0.13826,0.0024775
0.0021073,0.00090256,0.13775,0.0024684
0.0020677,0.00088517,0.13526,0.002422
0.00354,0.0015165,0.23156,0.0041473
0.0026476,0.0011328,0.17336,0.0031012
0.0026578,0.0011372,0.17401,0.0031131
0.0022303,0.00095493,0.14598,0.0026127
0.0021019,0.00090018,0.13739,0.0024622
0.0022494,0.00096279,0.1472,0.0026346
0.0025255,0.0010815,0.16508,0.002958
0.0025711,0.0011008,0.16797,0.0030117
0.0020935,0.00089601,0.13694,0.0024522
0.0026392,0.0011303,0.17257,0.0030913
0.0027245,0.0011666,0.17816,0.0031912
0.0022837,0.00097765,0.14932,0.0026749
0.00422,0.0018065,0.27624,0.0049431
0.0030822,0.001319,0.20124,0.0036099
0.0022881,0.00098045,0.14927,0.00268
0.0022691,0.00097172,0.14831,0.0026578
0.004609,0.0019738,0.3014,0.0053983
0.0046169,0.0019771,0.30192,0.0054076
0.0021166,0.00090607,0.13836,0.0024792
0.0033567,0.0014376,0.21912,0.0039318
0.0033755,0.0014455,0.22052,0.0039541
0.0030918,0.0013247,0.20232,0.0036216
0.0036178,0.001549,0.23662,0.0042378
0.0028382,0.0012152,0.18523,0.0033243
0.0021049,0.00090111,0.13773,0.0024657
0.0025099,0.0010746,0.16408,0.00294
0.0027047,0.0011576,0.17673,0.0031681
0.0020502,0.00087734,0.13417,0.0024016
0.0022073,0.00094521,0.14421,0.0025857
0.002464,0.001055,0.1611,0.0028863
0.002549,0.0010915,0.16664,0.0029859
0.0020956,0.00089739,0.13701,0.0024548
0.002325,0.00099545,0.15198,0.0027234
0.0036886,0.0015782,0.24161,0.004321
0.0022426,0.00096029,0.14665,0.0026269
0.0022454,0.0009615,0.14682,0.0026301
0.0033257,0.0014249,0.21734,0.003896
0.0025218,0.0010797,0.16487,0.0029538
0.0025184,0.0010782,0.16466,0.0029498
0.0025139,0.0010763,0.16436,0.0029446
0.0025501,0.0010919,0.16674,0.0029869
0.0022687,0.00097133,0.14821,0.0026573
0.0025181,0.0010781,0.16465,0.0029495
0.013329,0.0056987,0.86675,0.015609
0.0029153,0.0012479,0.1907,0.0034149
0.0025188,0.0010784,0.16469,0.0029503
0.0025537,0.0010934,0.167,0.0029912
0.0025225,0.00108,0.16495,0.0029546
0.0025593,0.0010957,0.16737,0.0029977
0.0022609,0.00096788,0.14781,0.0026483
0.0022496,0.000963,0.14707,0.002635
0.0022646,0.00096948,0.14804,0.0026525
0.0026692,0.0011435,0.17445,0.0031264
0.0036864,0.0015766,0.24093,0.0043181
0.0023996,0.0010273,0.15685,0.0028105
0.0020555,0.00087968,0.13432,0.0024077
0.002654,0.0011369,0.17341,0.0031085
0.0026537,0.0011368,0.17339,0.0031082
0.0022437,0.00096049,0.14665,0.0026281
0.0022437,0.00096047,0.14664,0.002628
0.0021757,0.00093115,0.14226,0.0025484
0.0020983,0.00089833,0.13715,0.0024577
0.0021027,0.00089997,0.13745,0.0024629
0.0021038,0.00090042,0.13752,0.0024641
0.0028038,0.0012007,0.18347,0.0032841
0.0028232,0.001209,0.18471,0.0033069
0.0029453,0.0012609,0.19233,0.0034501
0.0027985,0.0011984,0.18305,0.0032779
0.0028012,0.0011996,0.18324,0.0032811
0.0027574,0.0011807,0.18035,0.0032296
0.0044713,0.0019158,0.29272,0.0052369
0.0033481,0.001433,0.2187,0.0039213
0.0033781,0.001446,0.2207,0.0039564
0.0031903,0.0013654,0.2085,0.0037366
0.0020776,0.00088936,0.13582,0.0024337
0.0031173,0.001334,0.20376,0.0036511
0.0051938,0.0022256,0.33907,0.0060834
0.0031359,0.0013419,0.20495,0.003673
0.002061,0.00088227,0.13471,0.0024142
0.0020726,0.0008876,0.13548,0.0024278
0.0074134,0.0031791,0.48311,0.0086851
0.0020595,0.00088204,0.13466,0.0024124
0.0031425,0.0013448,0.20537,0.0036806
0.0049139,0.002104,0.32066,0.0057566
0.002981,0.001276,0.1949,0.003492
0.0048181,0.002062,0.31446,0.0056442
0.0031511,0.0013495,0.2059,0.003691
0.002569,0.0010995,0.16796,0.0030092
0.0043226,0.0018498,0.28272,0.0050627
0.0021067,0.00090178,0.13769,0.0024675
0.0021518,0.00092149,0.14071,0.0025204
0.0023085,0.00098802,0.15074,0.002704
0.0022184,0.00094951,0.1449,0.0025985
0.0022175,0.0009491,0.14484,0.0025974
0.002056,0.00088025,0.13441,0.0024081
0.0021616,0.00092511,0.14118,0.002532
0.0021908,0.00093847,0.14326,0.0025661
0.0026458,0.0011326,0.17285,0.0030991
0.0020573,0.00088074,0.13446,0.0024097
0.0034584,0.0014805,0.22634,0.0040508
0.0029391,0.0012581,0.19203,0.0034429
0.0043557,0.0018646,0.28457,0.0051016
0.0025921,0.00111,0.16935,0.003036
0.0024453,0.0010465,0.15981,0.0028642
0.0024366,0.0010433,0.15917,0.0028539
0.0022887,0.00097994,0.14963,0.0026809
0.0022179,0.00094909,0.14495,0.0025977
0.0038925,0.0016657,0.25465,0.0045592
0.0020898,0.00089459,0.13662,0.002448
0.0028219,0.0012073,0.1843,0.003305
0.0031481,0.0013479,0.20588,0.0036875
0.0020599,0.0008819,0.13463,0.0024128
0.0033794,0.0014468,0.22082,0.0039585
0.027438,0.011777,1.801,0.032125
0.0034197,0.001464,0.22348,0.0040059
0.0021072,0.00090221,0.1377,0.0024682
0.0021569,0.00092332,0.14085,0.0025263
0.0042547,0.0018218,0.27837,0.0049835
0.0022164,0.00094906,0.14481,0.002596
0.0024671,0.0010558,0.16121,0.0028899
0.0042171,0.0018056,0.27597,0.0049395
0.002503,0.0010719,0.16368,0.0029318
0.0022964,0.00098344,0.15012,0.00269
0.002143,0.00091716,0.14006,0.0025102
0.0047356,0.0020281,0.30996,0.0055483
0.0025525,0.0010926,0.1668,0.0029898
0.0030607,0.0013098,0.20008,0.0035849
0.0020549,0.00087956,0.13432,0.0024068
0.0021883,0.00093697,0.143,0.0025631
0.0029673,0.00127,0.19401,0.0034754
0.0020978,0.00089763,0.13707,0.0024572
0.0020551,0.00087962,0.13436,0.0024071
0.0020478,0.0008765,0.13391,0.0023986
0.002064,0.00088335,0.13498,0.0024175
0.0021239,0.00090891,0.13881,0.0024877
0.0026002,0.0011125,0.16981,0.0030455
0.0022526,0.00096446,0.14733,0.0026386
0.0055924,0.0023982,0.36637,0.0065501
0.0023151,0.00099167,0.1514,0.0027118
0.0020634,0.0008831,0.13499,0.0024168
0.0032139,0.0013773,0.20992,0.0037648
0.0026863,0.0011499,0.17582,0.0031466
0.0020543,0.00087947,0.13429,0.0024063
0.0041344,0.0017712,0.26991,0.004842
0.0022211,0.00095083,0.14519,0.0026018
0.0035954,0.0015398,0.23468,0.0042111
0.0023738,0.0010163,0.15496,0.00278
0.0027195,0.0011639,0.17781,0.0031858
0.0024855,0.0010643,0.16241,0.0029113
0.0022662,0.0009703,0.14815,0.0026546
0.0023782,0.0010182,0.15523,0.0027851
0.0020456,0.00087589,0.13368,0.0023958
0.0030423,0.0013027,0.19877,0.0035636
0.0037091,0.0015895,0.24308,0.0043441
0.0022482,0.00096256,0.14695,0.0026333
0.00205,0.00087767,0.13407,0.0024012
0.0034285,0.001468,0.22405,0.004016
0.0022875,0.00097944,0.14948,0.0026792
0.0032485,0.0013906,0.21227,0.0038052
0.005473,0.002343,0.35688,0.00641
0.0024225,0.001037,0.15833,0.0028374
0.0029443,0.0012608,0.19249,0.0034488
0.0020454,0.0008753,0.13367,0.0023957
0.0021183,0.00090691,0.13843,0.0024811
0.0024818,0.0010626,0.16233,0.0029071
0.0024697,0.0010575,0.16141,0.0028926
0.0028524,0.0012206,0.18634,0.0033408
0.0066647,0.0028574,0.43399,0.0078061
0.0028533,0.001221,0.18639,0.0033419
0.003061,0.0013095,0.20014,0.003585
0.0031767,0.0013588,0.20766,0.0037205
0.0021362,0.00091507,0.13974,0.0025022
0.0021206,0.00090812,0.13864,0.002484
0.0021471,0.00091926,0.14016,0.0025149
0.0023606,0.0010107,0.15429,0.0027652
0.0028705,0.0012283,0.18761,0.0033622
0.0021415,0.00091685,0.13982,0.0025085
0.0030674,0.0013133,0.20052,0.0035928
0.003491,0.0014943,0.22792,0.0040892
0.0024921,0.0010666,0.16282,0.0029191
0.002519,0.0010787,0.16474,0.0029509
0.002303,0.00098592,0.15059,0.0026975
0.0024658,0.0010551,0.16113,0.0028883
0.0020495,0.00087705,0.1341,0.0024008
0.0026121,0.0011187,0.17084,0.0030595
0.007538,0.0032267,0.49213,0.0088296
0.0048598,0.0020812,0.3171,0.005692
0.0020999,0.00089897,0.13725,0.0024597
0.0025975,0.0011119,0.16985,0.0030427
0.0025035,0.0010715,0.16362,0.0029324
0.0022188,0.00094985,0.14497,0.0025988
0.0039097,0.0016745,0.25599,0.0045787
0.0042439,0.0018174,0.27809,0.00497
0.0042989,0.0018413,0.28145,0.0050349
0.0022166,0.00094937,0.14472,0.0025963
0.002062,0.00088268,0.1348,0.0024152
0.0024037,0.0010294,0.15711,0.0028156
0.0024487,0.001048,0.16015,0.0028683
0.0031605,0.0013537,0.20671,0.0037018
0.0022424,0.00096051,0.14661,0.0026265
0.0029975,0.0012824,0.19584,0.003511
0.0020987,0.00089857,0.13719,0.0024582
0.0022985,0.00098398,0.15032,0.0026924
0.0020675,0.00088549,0.13518,0.0024216
0.0024627,0.0010545,0.16109,0.0028845
0.0038765,0.0016608,0.25301,0.0045407
0.0022429,0.00096032,0.14667,0.0026268
0.004182,0.0017906,0.27366,0.0048993
0.0021399,0.00091612,0.13988,0.0025064
0.0021379,0.0009153,0.13976,0.0025041
0.0038539,0.0016503,0.25246,0.0045148
0.0022552,0.0009655,0.14743,0.0026415
0.0021818,0.0009337,0.14276,0.0025556
0.022557,0.0096173,1.4788,0.026426
0.0020537,0.0008788,0.13424,0.0024053
0.0021671,0.00092764,0.14188,0.0025385
0.0025505,0.001092,0.16682,0.0029873
0.0054602,0.0023357,0.35742,0.0063955
0.0054586,0.002335,0.35731,0.0063937
0.0096194,0.0041132,0.62801,0.01127
0.0027571,0.0011797,0.18033,0.0032293
0.0020913,0.00089531,0.13677,0.0024497
0.002344,0.001004,0.15328,0.002746
0.01047,0.004483,0.68405,0.012263
0.0022713,0.00097261,0.14852,0.0026607
0.0027126,0.0011605,0.17755,0.0031774
0.0020924,0.00089563,0.13677,0.0024511
0.002053,0.00087897,0.1343,0.0024047
0.0030514,0.0013072,0.19934,0.0035743
0.0021895,0.00093705,0.14304,0.0025645
0.0020816,0.00089111,0.13611,0.0024381
0.0039666,0.0016982,0.25912,0.0046463
0.0021523,0.0009216,0.14072,0.0025209
0.0020749,0.00088835,0.13562,0.0024303
0.0021354,0.00091424,0.13959,0.0025011
0.002535,0.0010861,0.16576,0.0029695
0.0029367,0.0012567,0.1918,0.0034399
0.0073782,0.003157,0.48328,0.0086424
0.0056725,0.0024292,0.37026,0.0066451
0.0020817,0.00089103,0.13611,0.0024382
0.0036202,0.00155,0.23648,0.0042404
0.014024,0.0060108,0.91929,0.016422
0.014024,0.0060108,0.91929,0.016422
0.0020924,0.00089572,0.13682,0.0024508
0.0025134,0.0010768,0.16437,0.0029442
0.0025143,0.001077,0.16435,0.0029452
0.0020945,0.00089656,0.13691,0.0024532
0.0020572,0.00088056,0.13452,0.0024095
0.0039581,0.001693,0.25848,0.0046359
0.0020562,0.00088023,0.13451,0.0024084
0.0020553,0.00087999,0.13442,0.0024073
0.0020538,0.00087922,0.13435,0.0024057
0.0025356,0.0010857,0.16565,0.00297
0.0042213,0.0018069,0.27539,0.0049442
0.0026381,0.0011296,0.17241,0.0030901
0.0023846,0.0010209,0.15582,0.0027932
0.0048039,0.0020547,0.31405,0.0056271
0.0022459,0.00096165,0.14676,0.0026308
0.0022236,0.00095212,0.14537,0.0026046
0.0021397,0.00091597,0.13985,0.0025063
0.0024378,0.0010441,0.15935,0.0028556
0.0021548,0.00092265,0.14083,0.0025239
0.0036412,0.0015581,0.23801,0.0042651
0.0021398,0.00091623,0.1398,0.0025065
0.0020797,0.00089016,0.13594,0.0024361
0.0021683,0.00092825,0.14172,0.0025397
0.0020561,0.00087992,0.1344,0.0024084
0.0020541,0.00087944,0.1343,0.002406
0.0020564,0.00088044,0.13445,0.0024087
0.0020552,0.00087993,0.13438,0.0024073
0.0032075,0.0013734,0.20941,0.003757
0.0021151,0.00090513,0.13831,0.0024775
0.0022677,0.00097083,0.14827,0.0026562
0.002124,0.00090995,0.13878,0.0024878
0.0027521,0.0011795,0.17992,0.0032237
0.0026318,0.0011269,0.17207,0.0030827
0.0021033,0.00090067,0.13752,0.0024636
0.0041086,0.0017583,0.26873,0.0048131
0.0025559,0.0010944,0.1672,0.0029939
0.0021987,0.00094134,0.14368,0.0025753
0.0032973,0.0014106,0.21576,0.0038624
0.002064,0.00088379,0.13487,0.0024176
0.0032342,0.0013846,0.2115,0.0037888
0.0024204,0.0010364,0.15834,0.002835
0.0022714,0.00097238,0.14846,0.0026604
0.0020573,0.00088039,0.13446,0.0024097
0.0020563,0.00087987,0.13437,0.0024085
0.0020936,0.00089626,0.13679,0.0024523
0.0020933,0.00089612,0.13677,0.002452
0.0020504,0.00087751,0.13397,0.0024016
0.0023464,0.0010038,0.15337,0.0027483
0.0036159,0.0015471,0.23631,0.0042358
0.0029323,0.0012548,0.19135,0.0034345
0.0022198,0.00095045,0.14508,0.0026001
0.0020642,0.00088335,0.13488,0.0024177
0.002131,0.00091196,0.13932,0.002496
0.0044021,0.0018836,0.28749,0.0051564
0.0032532,0.0013923,0.21235,0.0038101
0.0044088,0.0018865,0.28791,0.0051642
0.002052,0.00087835,0.13397,0.0024036
0.003838,0.0016431,0.25056,0.0044952
0.0020537,0.00087909,0.13408,0.0024056
0.0022549,0.00096605,0.14732,0.0026412
0.0062579,0.0026811,0.40852,0.0073288
0.0020863,0.00089326,0.1363,0.0024436
0.0030532,0.0013063,0.19986,0.0035764
0.0021876,0.00093644,0.14302,0.0025624
0.0020896,0.00089446,0.13659,0.0024475
0.0022482,0.00096279,0.14687,0.0026333
0.0024344,0.0010419,0.1592,0.0028513
0.0032658,0.0013976,0.21347,0.0038246
0.0027639,0.0011835,0.18073,0.0032377
0.0050768,0.0021732,0.33219,0.0059469
0.003304,0.0014156,0.21611,0.0038708
0.0024998,0.0010699,0.16348,0.002928
0.0030553,0.0013077,0.19994,0.0035787
0.0026301,0.0011263,0.17191,0.0030808
0.0020953,0.00089699,0.13694,0.0024543
0.0021097,0.00090304,0.13792,0.0024712
0.0023158,0.00099124,0.15135,0.0027126
0.0034445,0.0014736,0.22514,0.0040341
0.0025963,0.0011109,0.16976,0.0030411
0.0025957,0.0011107,0.16972,0.0030403
0.0022399,0.00095851,0.14639,0.0026235
0.0026398,0.0011297,0.17262,0.003092
0.0020925,0.00089559,0.13679,0.002451
0.0041469,0.0017735,0.2711,0.0048571
0.0023843,0.0010202,0.1559,0.0027928
0.0021903,0.00093736,0.14327,0.0025655
0.0028231,0.0012079,0.18451,0.0033066
0.0022912,0.00098093,0.14992,0.0026835
0.002472,0.0010583,0.1617,0.0028951
0.0022696,0.00097155,0.14839,0.0026586
0.0020618,0.00088313,0.13479,0.002415
0.0023079,0.00098834,0.15092,0.0027032
0.0042495,0.00182,0.27754,0.0049768
0.002455,0.0010512,0.16049,0.0028756
0.0024056,0.0010301,0.15729,0.0028177
0.0022752,0.00097463,0.14872,0.002665
0.0025116,0.0010751,0.16416,0.002942
0.00232,0.00099323,0.15166,0.0027171
0.0020733,0.00088741,0.13542,0.0024282
0.0023561,0.0010086,0.15401,0.0027593
0.0023818,0.0010197,0.15569,0.0027895
0.0023823,0.0010199,0.15572,0.00279
0.0020962,0.00089743,0.13694,0.0024551
0.0031542,0.0013494,0.20602,0.0036945
0.0031474,0.0013464,0.20557,0.0036865
0.0031449,0.0013453,0.20541,0.0036835
0.0047477,0.0020356,0.31045,0.0055604
0.0031314,0.0013395,0.20449,0.0036677
0.0030549,0.0013071,0.19956,0.0035782
0.0032365,0.0013866,0.21173,0.0037914
0.0030572,0.0013081,0.19972,0.0035808
0.0020692,0.00088606,0.13516,0.0024236
0.0028777,0.0012309,0.18817,0.0033705
0.0030274,0.001295,0.19796,0.0035457
0.0026362,0.0011284,0.17193,0.0030876
0.0021074,0.000902,0.13765,0.0024684
0.0024306,0.0010411,0.15878,0.002847
0.0020715,0.00088746,0.13528,0.0024266
0.003812,0.0016327,0.24896,0.0044655
0.0022741,0.00097363,0.14855,0.0026638
0.0022745,0.00097382,0.14857,0.0026643
0.0020624,0.00088323,0.13468,0.0024157
0.0024043,0.0010294,0.15706,0.0028164
0.0022742,0.00097367,0.14853,0.0026639
0.013548,0.0058033,0.88404,0.015865
0.0022617,0.00096828,0.14775,0.0026493
0.0020701,0.00088653,0.13521,0.0024247
0.0021638,0.00092612,0.14132,0.0025345
0.018234,0.0078027,1.1957,0.021354
0.0027761,0.0011892,0.1817,0.0032518
0.0021196,0.00090749,0.13858,0.0024828
0.0021156,0.00090577,0.13832,0.0024781
0.0023631,0.001012,0.15454,0.0027679
0.0021483,0.00091945,0.14051,0.0025165
0.0025234,0.0010803,0.16488,0.0029558
0.0020833,0.00089173,0.13622,0.0024402
0.0020633,0.00088339,0.13485,0.0024168
0.0021458,0.00091871,0.1403,0.0025133
0.0028729,0.0012304,0.18816,0.0033647
0.0027025,0.0011568,0.17682,0.0031654
0.0047333,0.0020256,0.30929,0.0055443
0.0037002,0.0015829,0.24194,0.004334
0.0020569,0.00088054,0.1345,0.0024092
0.0020558,0.0008801,0.13443,0.002408
0.002179,0.0009327,0.14258,0.0025522
0.0043686,0.0018687,0.2855,0.0051168
0.0021625,0.00092559,0.14136,0.0025328
0.0022406,0.00095902,0.14651,0.0026244
0.0021157,0.00090567,0.13832,0.0024782
0.0051624,0.0022101,0.33815,0.0060459
0.0020562,0.00088032,0.13437,0.0024086
0.0026075,0.0011162,0.17047,0.003054
0.0022978,0.00098358,0.15036,0.0026913
0.0020589,0.00088157,0.13462,0.0024116
0.002072,0.000887,0.13541,0.0024269
0.0023938,0.0010247,0.15662,0.002804
0.0023458,0.0010041,0.15346,0.0027478
0.0081184,0.0034799,0.53255,0.0095041
0.0023196,0.00099274,0.15172,0.0027168
0.0056036,0.0024012,0.3667,0.0065627
0.0023123,0.00098968,0.15128,0.0027083
0.0023108,0.00098907,0.15118,0.0027066
0.0024867,0.001064,0.16269,0.0029124
0.0020454,0.00087568,0.13374,0.0023958
0.0020592,0.00088138,0.13462,0.0024119
0.0020522,0.00087842,0.13418,0.0024038
0.002059,0.00088131,0.1346,0.0024117
0.0076463,0.0032769,0.49971,0.0089585
0.0020707,0.00088645,0.13532,0.0024253
0.0020525,0.00087854,0.13419,0.0024041
0.0020525,0.00087856,0.1342,0.0024042
0.0020713,0.0008867,0.13536,0.0024261
0.0023134,0.00099019,0.15138,0.0027095
0.00216,0.00092459,0.14123,0.00253
0.002625,0.0011237,0.17171,0.0030744
0.002625,0.0011237,0.17172,0.0030745
0.0020721,0.00088712,0.13548,0.0024272
0.0020463,0.00087615,0.13375,0.0023969
0.0021568,0.00092309,0.14089,0.0025263
0.0040151,0.0017185,0.26221,0.0047017
0.0021108,0.00090388,0.138,0.0024725
0.0029982,0.0012841,0.19636,0.0035118
0.0020871,0.00089347,0.13647,0.0024446
0.0031508,0.0013493,0.20624,0.0036907
0.0045398,0.001945,0.29717,0.0053191
0.0041593,0.0017809,0.27184,0.0048705
0.0041553,0.0017791,0.27157,0.0048658
0.0021703,0.00092976,0.14187,0.0025421
0.048241,0.020523,3.188,0.056536
0.0031474,0.0013479,0.20596,0.0036861
0.0033835,0.0014475,0.22136,0.0039638
0.0022824,0.00097728,0.14914,0.0026734
0.0020947,0.00089703,0.13691,0.0024535
0.0038006,0.0016263,0.24876,0.0044516
0.002416,0.0010342,0.15779,0.0028299
0.0047679,0.0020399,0.31211,0.0055849
0.0024157,0.0010342,0.15792,0.0028295
0.0020687,0.00088572,0.13522,0.0024233
0.0023307,0.00099842,0.15231,0.0027299
0.0020553,0.00088027,0.13441,0.0024074
0.0025175,0.0010776,0.1646,0.002949
0.0020694,0.00088639,0.13533,0.0024239
0.0020729,0.00088775,0.13554,0.0024279
0.0025644,0.0010972,0.16768,0.0030039
0.0030411,0.001301,0.19867,0.0035619
0.002056,0.00088056,0.13455,0.0024081
0.0021344,0.0009139,0.13964,0.0024998
0.0031162,0.0013352,0.2036,0.00365
0.0037058,0.0015866,0.24215,0.0043408
0.0021542,0.00092232,0.14093,0.0025231
0.0020533,0.00087926,0.13424,0.0024052
0.0021611,0.00092579,0.14133,0.0025315
0.0023988,0.0010271,0.1568,0.0028097
0.0041558,0.0017775,0.27176,0.0048672
0.002499,0.0010702,0.16354,0.0029269
0.0024163,0.0010341,0.15786,0.0028301
0.0036532,0.0015625,0.23886,0.0042782
0.0035992,0.0015395,0.23537,0.004215
0.0072985,0.0031234,0.47656,0.0085469
0.0072188,0.0030887,0.47146,0.008453
0.002589,0.0011079,0.16916,0.0030325
0.0022855,0.00097774,0.14935,0.0026769
0.0022851,0.00097754,0.14933,0.0026765
0.0038364,0.0016406,0.25081,0.0044929
0.0026408,0.0011299,0.17259,0.0030932
0.0026408,0.0011295,0.17254,0.0030931
0.0020572,0.00088067,0.13445,0.0024098
0.00232,0.00099328,0.15167,0.0027174
0.0022335,0.0009562,0.1461,0.002616
0.002103,0.0009007,0.13734,0.0024635
0.0021869,0.00093658,0.14296,0.0025615
0.011204,0.0047927,0.73337,0.013125
0.0023016,0.00098506,0.15045,0.0026956
0.0021647,0.00092641,0.14148,0.0025355
0.002648,0.0011341,0.17321,0.0031017
0.0023297,0.00099724,0.1524,0.0027287
0.0022655,0.00096974,0.14822,0.0026535
0.0036495,0.0015626,0.23832,0.0042744
0.0021083,0.00090259,0.13779,0.0024694
0.0027155,0.001163,0.17758,0.0031806
0.0027232,0.0011663,0.17809,0.0031896
0.0025177,0.001078,0.16449,0.0029488
0.0021045,0.00090092,0.13754,0.002465
0.0030358,0.0012995,0.19843,0.0035559
0.0020458,0.00087598,0.13377,0.0023962
0.0021767,0.00093215,0.14229,0.0025498
0.0026967,0.0011542,0.17609,0.0031584
0.0020537,0.00087914,0.13422,0.0024055
0.0022252,0.00095295,0.14562,0.0026065
0.002394,0.0010252,0.15665,0.0028044
0.0023981,0.0010269,0.15691,0.0028092
0.0021135,0.00090506,0.13812,0.0024755
0.002048,0.0008767,0.13389,0.0023989
0.0021043,0.00090127,0.13753,0.0024648
0.0020923,0.00089599,0.13669,0.0024507
0.0030719,0.0013157,0.20086,0.0035987
0.0021117,0.00090425,0.13795,0.0024733
0.0021019,0.00089989,0.13739,0.0024621
0.0025569,0.0010946,0.16708,0.0029949
0.0021424,0.00091739,0.14004,0.0025095
0.0022791,0.0009766,0.14894,0.0026697
0.0028734,0.0012302,0.18796,0.0033656
0.0026336,0.0011272,0.1721,0.0030847
0.0020723,0.00088717,0.13543,0.0024272
0.0028917,0.0012375,0.189,0.0033874
0.0027452,0.0011751,0.17928,0.0032153
0.0049221,0.0021071,0.32159,0.005766
0.0021944,0.00093964,0.14335,0.0025704
0.0029491,0.0012626,0.19262,0.0034545
0.0023471,0.0010053,0.15336,0.0027493
0.0041567,0.00178,0.27158,0.0048683
0.0021418,0.00091668,0.13999,0.0025088
0.0020896,0.00089424,0.13658,0.0024476
0.0030167,0.0012924,0.19715,0.0035336
0.002182,0.00093446,0.14258,0.0025558
0.0038195,0.0016349,0.24987,0.0044729
0.0046723,0.0020012,0.30523,0.0054721
0.0023198,0.00099312,0.15164,0.0027169
0.0023057,0.00098742,0.15069,0.0027007
0.0043598,0.0018662,0.28539,0.0051054
0.0020479,0.00087702,0.13382,0.0023986
0.0020435,0.00087501,0.13351,0.0023934
0.0024111,0.0010326,0.1574,0.0028242
0.0022114,0.00094713,0.14456,0.0025903
0.0049465,0.0021189,0.32285,0.0057933
0.0020835,0.00089257,0.13614,0.0024406
0.0025577,0.0010949,0.1673,0.002996
0.0023987,0.0010275,0.15662,0.0028097
0.0021442,0.00091853,0.14019,0.0025116
0.0033775,0.0014461,0.22056,0.0039556
0.0021746,0.00093117,0.1422,0.0025471
0.0022032,0.00094369,0.14392,0.0025805
0.0023612,0.0010111,0.1544,0.0027658
0.002203,0.00094356,0.14394,0.0025804
0.0022025,0.00094332,0.1439,0.0025798
0.0021622,0.00092606,0.14128,0.0025325
0.0024656,0.0010554,0.16133,0.002888
0.0021573,0.00092377,0.1411,0.0025268
0.0024643,0.0010548,0.16125,0.0028865
0.0035863,0.0015359,0.23449,0.0042009
0.0022059,0.00094477,0.14413,0.0025838
0.0021367,0.00091491,0.13965,0.0025027
0.0023383,0.0010013,0.15279,0.0027388
0.0036326,0.0015552,0.23771,0.0042554
0.0024857,0.0010639,0.16257,0.0029115
0.003499,0.0014988,0.2288,0.0040988
0.002154,0.00092224,0.14069,0.002523
0.002137,0.00091505,0.13967,0.002503
0.0020488,0.00087738,0.13386,0.0023998
0.0023377,0.0010011,0.15277,0.0027382
0.0022424,0.00096032,0.14659,0.0026265
0.0030662,0.0013119,0.20033,0.0035909
0.0021232,0.00090937,0.13885,0.002487
0.002119,0.00090756,0.13857,0.0024821
0.0028064,0.0012014,0.18337,0.0032872
0.0021976,0.00094079,0.1437,0.0025742
0.0022053,0.00094415,0.14419,0.002583
0.0023358,0.00099991,0.15263,0.002736
0.0020931,0.00089621,0.13688,0.0024518
0.0023363,0.0010002,0.15267,0.0027366
0.0020609,0.00088227,0.1347,0.0024141
0.0027817,0.0011909,0.18175,0.0032582
0.0020889,0.00089426,0.13653,0.0024468
0.0022436,0.0009605,0.14665,0.0026279
0.0020814,0.00089103,0.13604,0.002438
0.0038849,0.0016641,0.25425,0.0045504
0.002102,0.00089983,0.13737,0.0024621
0.0020501,0.00087779,0.13407,0.0024012
0.0029389,0.0012582,0.1921,0.0034427
0.0081839,0.0034973,0.53477,0.0095852
0.0020819,0.00089152,0.136,0.0024384
0.0020456,0.00087597,0.13369,0.002396
0.0025243,0.0010808,0.16494,0.002957
0.0031765,0.0013594,0.20764,0.0037207
0.002116,0.00090615,0.13824,0.0024787
0.0040138,0.0017191,0.26231,0.0047014
0.0023596,0.00101,0.1543,0.0027639
0.00334,0.0014296,0.21833,0.0039123
0.0032638,0.0013969,0.2135,0.0038234
0.0025038,0.0010718,0.16359,0.0029329
0.0022934,0.00098164,0.1498,0.0026865
0.0020803,0.00089059,0.13589,0.0024368
0.0036743,0.0015733,0.24003,0.0043037
0.0020723,0.00088743,0.13548,0.0024272
0.0025824,0.0011057,0.16893,0.0030249
0.0024112,0.0010323,0.1577,0.0028243
0.002121,0.00090803,0.13867,0.0024844
0.0020546,0.0008796,0.13434,0.0024067
0.0021668,0.00092805,0.14174,0.002538
0.0021786,0.00093303,0.14236,0.002552
0.0022052,0.00094397,0.1442,0.0025828
0.0022049,0.000944,0.14417,0.0025828
0.0021194,0.00090765,0.13856,0.0024825
0.0020738,0.00088804,0.13562,0.0024292
0.0025007,0.0010698,0.16343,0.002929
0.0030254,0.0012957,0.19778,0.0035437
0.0038424,0.0016452,0.25091,0.0045012
0.0024261,0.0010387,0.15874,0.0028417
0.0023309,0.00099809,0.15236,0.0027303
0.0026643,0.0011406,0.17425,0.0031208
0.0020548,0.00087972,0.1343,0.0024068
0.0025187,0.001078,0.16466,0.0029501
0.0027519,0.0011778,0.17996,0.0032232
0.0031211,0.001336,0.20414,0.0036559
0.0020527,0.0008789,0.13414,0.0024043
0.0026473,0.0011336,0.17317,0.0031009
0.0024562,0.0010512,0.16058,0.0028769
0.0020549,0.00087969,0.13437,0.0024069
0.0021186,0.00090664,0.13855,0.0024815
0.0044328,0.0018987,0.28952,0.0051933
0.0067935,0.0029073,0.44405,0.0079604
0.0020956,0.0008973,0.13696,0.0024546
0.0021207,0.00090788,0.13859,0.002484
0.0023767,0.0010169,0.15539,0.0027836
0.0023685,0.0010141,0.15486,0.0027742
0.0020645,0.00088413,0.13501,0.0024181
0.0020757,0.00088894,0.13567,0.0024313
0.0027966,0.0011981,0.18267,0.0032755
0.0035632,0.0015248,0.23338,0.0041739
0.0021578,0.00092391,0.14113,0.0025273
0.0031662,0.0013548,0.20748,0.0037085
0.0020685,0.00088534,0.13532,0.0024228
0.0022616,0.00096822,0.14789,0.0026491
0.0020579,0.00088071,0.13462,0.0024104
0.0054993,0.0023508,0.35938,0.0064417
0.0023776,0.0010179,0.15538,0.0027848
0.0029571,0.0012665,0.19312,0.0034642
0.0020819,0.00089112,0.13613,0.0024385
0.002213,0.00094769,0.1447,0.002592
0.027611,0.011813,1.7775,0.032359
0.0025396,0.0010875,0.16576,0.0029747
0.0022829,0.00097757,0.14899,0.0026741
0.0020527,0.00087907,0.13424,0.0024044
0.0023514,0.0010066,0.1539,0.0027543
0.0021488,0.00091981,0.14051,0.0025169
0.0025269,0.0010826,0.16519,0.0029595
0.0023108,0.00098983,0.15107,0.0027066
0.0026385,0.0011295,0.17237,0.0030903
0.0020917,0.00089554,0.13681,0.00245
0.0020578,0.0008811,0.13456,0.0024102
0.0024321,0.0010409,0.15889,0.0028488
0.0022945,0.00098292,0.14983,0.0026875
0.0021412,0.0009169,0.13988,0.002508
0.002844,0.001217,0.18597,0.0033313
0.0020944,0.00089692,0.13695,0.0024533
0.0026781,0.0011471,0.17506,0.0031369
0.0020588,0.00088143,0.13462,0.0024117
0.0022957,0.00098314,0.15001,0.002689
0.002216,0.00094914,0.14479,0.0025955
0.0020598,0.00088184,0.13459,0.0024128
0.0020463,0.00087613,0.13368,0.0023969
0.0020672,0.00088501,0.13508,0.0024214
0.0027443,0.0011746,0.17934,0.0032145
0.002191,0.0009377,0.14325,0.0025663
0.0020575,0.00088097,0.13446,0.00241
0.0022252,0.00095311,0.14549,0.0026063
0.0032128,0.0013745,0.20992,0.0037638
0.0023679,0.0010143,0.15469,0.0027734
0.0023871,0.0010221,0.15599,0.0027959
0.0020796,0.00089063,0.13593,0.0024359
0.002089,0.00089459,0.13656,0.0024471
0.0021966,0.00093993,0.14363,0.002573
0.0044484,0.0019046,0.29046,0.0052111
0.0021,0.00089899,0.13725,0.0024597
0.0021656,0.00092765,0.1415,0.0025367
0.0059479,0.0025464,0.38878,0.0069669
0.0020503,0.00087769,0.13403,0.0024016
0.0021677,0.00092855,0.14164,0.0025391
0.0023354,0.00099977,0.1526,0.0027352
0.0023459,0.0010043,0.15327,0.0027475
0.0022548,0.00096545,0.14746,0.002641
0.0020973,0.00089803,0.13716,0.0024565
0.0024266,0.0010388,0.15883,0.0028421
0.00206,0.00088229,0.13464,0.0024129
0.0032915,0.0014094,0.21502,0.0038561
0.0022787,0.00097547,0.14889,0.002669
0.0020561,0.00088023,0.13441,0.0024085
0.0025901,0.001109,0.16917,0.0030334
0.0069051,0.002958,0.45192,0.0080886
0.0021435,0.00091762,0.14014,0.0025107
0.0022098,0.00094614,0.14445,0.0025884
0.0021569,0.00092361,0.14108,0.0025266
0.0021767,0.00093165,0.14226,0.0025495
0.0026402,0.0011305,0.17242,0.0030923
0.0036046,0.0015421,0.23553,0.0042225
0.002178,0.00093253,0.14229,0.0025512
0.0020681,0.00088504,0.13524,0.0024223
0.0027039,0.0011575,0.17662,0.0031672
0.0020627,0.00088316,0.13485,0.0024162
0.0024841,0.0010639,0.16246,0.0029095
0.0041094,0.0017602,0.26889,0.0048133
0.0044469,0.0019042,0.29125,0.0052086
0.0030384,0.0013007,0.19849,0.0035586
0.0044124,0.0018895,0.28896,0.0051684
0.0036563,0.0015656,0.23898,0.0042826
0.0025467,0.0010902,0.16632,0.002983
0.0021404,0.00091684,0.13987,0.0025071
0.0032634,0.0013993,0.21344,0.0038227
0.0061877,0.0026498,0.40481,0.0072479
0.0041275,0.0017669,0.27025,0.0048344
0.0095547,0.0040895,0.62362,0.011194
0.0022197,0.0009508,0.14508,0.0026
0.0023066,0.00098773,0.15075,0.0027018
0.0021408,0.0009169,0.13993,0.0025076
0.0042814,0.0018335,0.28054,0.0050144
0.0079703,0.0034123,0.52162,0.0093391
0.0038128,0.0016319,0.24973,0.0044659
0.0023721,0.0010159,0.15499,0.0027785
0.0065495,0.0028048,0.42844,0.0076717
0.0025218,0.0010803,0.16468,0.0029536
0.0068196,0.0029204,0.44593,0.0079897
0.0021831,0.00093498,0.1427,0.002557
0.0039477,0.0016903,0.25841,0.0046237
0.0022381,0.00095856,0.14627,0.0026214
0.0036233,0.0015508,0.23719,0.004244
0.0035122,0.0015053,0.2298,0.004114
0.0053462,0.0022913,0.34952,0.0062633
0.0026095,0.0011178,0.17045,0.0030565
0.0020747,0.00088824,0.13556,0.0024301
0.0029427,0.0012598,0.19239,0.0034473
0.0053905,0.0023059,0.35236,0.006315
0.0034078,0.0014582,0.22279,0.0039915
0.0026832,0.0011486,0.17535,0.0031429
0.0029066,0.0012441,0.18993,0.0034046
0.0026826,0.0011483,0.17527,0.0031422
0.0026827,0.0011484,0.17527,0.0031423
0.0040555,0.0017378,0.26497,0.0047509
0.002679,0.0011467,0.17496,0.0031381
0.0023147,0.00099106,0.15132,0.0027112
0.0039531,0.0016929,0.25865,0.0046311
0.002229,0.00095427,0.14577,0.0026109
0.0022301,0.00095475,0.14585,0.0026123
0.0021009,0.00089965,0.13741,0.002461
0.0022416,0.00095967,0.14659,0.0026255
0.0039317,0.001682,0.25744,0.0046056
0.0023246,0.00099531,0.152,0.0027228
0.0036488,0.001561,0.23873,0.0042738
0.0020854,0.00089263,0.13634,0.0024427
0.0027269,0.0011674,0.17825,0.0031944
0.0026772,0.001146,0.17497,0.0031362
0.0020598,0.00088189,0.13476,0.0024128
0.0025831,0.0011057,0.16886,0.0030257
0.002142,0.00091668,0.14004,0.0025089
0.0026133,0.0011185,0.17074,0.003061
0.0029168,0.0012488,0.19099,0.0034168
0.0044238,0.0018948,0.28953,0.0051822
0.0024719,0.0010582,0.16157,0.0028955
0.0020546,0.00087983,0.13426,0.0024067
0.0022325,0.00095602,0.14606,0.0026152
0.0030103,0.0012895,0.19684,0.0035263
0.0022319,0.00095576,0.146,0.0026144
0.0020498,0.00087762,0.13396,0.0024011
0.0024749,0.0010598,0.16167,0.002899
0.0021907,0.00093811,0.14335,0.0025662
0.0021913,0.00093842,0.1434,0.002567
0.0021984,0.00094139,0.14386,0.0025753
0.020431,0.0087765,1.3308,0.023951
0.0022401,0.00095941,0.14654,0.002624
0.002243,0.00096063,0.14673,0.0026274
0.0022176,0.00094971,0.14503,0.0025977
0.0022201,0.00095079,0.14519,0.0026006
0.0020819,0.00089165,0.13618,0.0024387
0.0036515,0.0015637,0.23844,0.0042773
0.0035945,0.0015395,0.23491,0.0042107
0.0028654,0.0012272,0.18729,0.0033565
0.0022165,0.00094927,0.14495,0.0025965
0.0042892,0.0018346,0.28027,0.0050248
0.0034077,0.0014599,0.2227,0.0039913
0.0028286,0.0012116,0.18508,0.0033134
0.0022177,0.00094981,0.14502,0.0025978
0.0020577,0.00088108,0.13449,0.0024103
0.0022155,0.00094844,0.14482,0.002595
0.0029864,0.0012787,0.19527,0.0034983
0.0027309,0.0011693,0.17869,0.0031988
0.0030256,0.0012955,0.19765,0.0035441
0.0022757,0.00097419,0.14878,0.0026653
0.0027335,0.0011699,0.17856,0.0032015
0.0098566,0.0042213,0.64662,0.01154
0.0020534,0.0008794,0.13429,0.0024051
0.0023191,0.00099281,0.15157,0.0027162
0.011808,0.0050584,0.77307,0.013823
0.0025561,0.001094,0.167,0.0029938
0.0048478,0.0020804,0.31701,0.0056771
0.003533,0.0015134,0.23109,0.0041385
0.0021207,0.00090838,0.1387,0.0024841
0.0038539,0.0016506,0.25202,0.0045143
0.0038325,0.0016416,0.25071,0.0044893
0.0043239,0.0018522,0.28281,0.0050659
0.0022135,0.00094803,0.14468,0.0025927
0.0021304,0.00091232,0.1393,0.0024953
0.0021883,0.00093716,0.14306,0.0025631
0.0021879,0.00093697,0.14305,0.0025626
0.0022054,0.00094447,0.14418,0.0025832
0.0053136,0.002275,0.34762,0.0062233
0.0061516,0.0026353,0.40292,0.0072051
0.0021994,0.00094193,0.14378,0.0025762
0.0062459,0.0026744,0.40903,0.0073153
0.0057258,0.0024507,0.37465,0.006706
0.0093991,0.0040265,0.61475,0.011005
0.0093991,0.0040265,0.61474,0.011005
0.0094179,0.0040347,0.61596,0.011027
0.00208,0.00089081,0.13611,0.0024363
0.0023455,0.0010043,0.15323,0.002747
0.0021988,0.00094168,0.14384,0.0025755
0.0021607,0.00092504,0.14136,0.002531
0.0021894,0.00093745,0.14316,0.0025645
0.0065929,0.0028262,0.42962,0.0077204
0.0023465,0.0010044,0.1535,0.0027486
0.0022215,0.00095121,0.14517,0.0026022
0.0020813,0.00089105,0.1362,0.002438
0.0025785,0.0011036,0.16865,0.0030203
0.0025755,0.0011022,0.1684,0.003017
0.0026759,0.0011459,0.17507,0.0031343
0.0023645,0.0010126,0.15475,0.0027695
0.0055056,0.0023536,0.35895,0.006448
0.0024836,0.0010638,0.16261,0.0029091
0.0036583,0.0015692,0.23923,0.0042851
0.002378,0.0010193,0.15542,0.0027854
0.0038728,0.0016607,0.25308,0.0045364
0.0024098,0.0010329,0.1575,0.0028226
0.0040654,0.0017406,0.26603,0.0047623
0.0020879,0.00089399,0.13649,0.0024457
0.0030546,0.0013075,0.19969,0.0035779
0.0056349,0.0024124,0.36794,0.006601
0.0023108,0.00098926,0.15106,0.0027067
0.0038371,0.0016408,0.25051,0.0044949
0.0056336,0.0024118,0.36787,0.0065993
0.0050373,0.0021567,0.32913,0.0059012
0.0037328,0.0015969,0.24383,0.0043718
0.0029728,0.0012723,0.19432,0.0034822
0.002972,0.001272,0.19428,0.0034813
0.0027288,0.0011681,0.17828,0.0031963
0.0033989,0.0014557,0.2222,0.0039814
0.002726,0.0011669,0.17809,0.003193
0.0031581,0.0013521,0.20647,0.0036987
0.0077767,0.0033355,0.50852,0.0091062
0.0040445,0.0017304,0.2639,0.0047369
0.0046717,0.0019974,0.30464,0.0054716
0.0027285,0.0011679,0.17821,0.0031959
0.0030597,0.0013103,0.20028,0.0035841
0.0021589,0.00092458,0.14106,0.0025287
0.0052418,0.0022463,0.34295,0.0061391
0.0020885,0.00089411,0.13646,0.0024463
0.0021035,0.00090085,0.13749,0.0024638
0.0020539,0.00087957,0.13422,0.0024057
0.0021438,0.00091819,0.14008,0.0025111
0.0034209,0.0014648,0.22382,0.0040073
0.0042815,0.0018314,0.27946,0.0050138
0.0020823,0.00089176,0.13608,0.0024392
0.0059945,0.0025681,0.39159,0.0070212
0.0054593,0.0023383,0.35758,0.0063935
0.0020984,0.00089883,0.13718,0.002458
0.0088662,0.0037956,0.58089,0.010385
0.0020486,0.0008771,0.13401,0.0023996
0.0020815,0.00089156,0.13617,0.0024381
0.0067138,0.0028714,0.43992,0.0078632
0.0028063,0.0012008,0.18342,0.0032867
0.0020626,0.00088318,0.13481,0.0024161
0.0026338,0.0011269,0.17211,0.0030847
0.0065647,0.0028077,0.43081,0.0076893
0.0033268,0.0014236,0.21739,0.0038968
0.002195,0.00093948,0.14348,0.002571
0.0053645,0.0022947,0.35191,0.0062834
0.002631,0.0011265,0.17181,0.0030819
0.0021254,0.00091025,0.13889,0.0024895
0.0021039,0.00090112,0.13749,0.0024643
0.0031904,0.0013657,0.2087,0.0037372
0.0020486,0.00087724,0.13384,0.0023997
0.0020526,0.00087892,0.1341,0.0024043
0.0021113,0.00090392,0.13803,0.0024731
0.0026486,0.0011334,0.17309,0.0031021
0.010135,0.0043413,0.66539,0.011872
0.0046125,0.0019773,0.30114,0.0054037
0.0020611,0.0008825,0.13476,0.0024142
0.0021196,0.00090743,0.13853,0.0024829
0.0033308,0.0014261,0.21767,0.0039015
0.0022602,0.00096751,0.1477,0.0026473
0.0041299,0.001769,0.27022,0.0048377
0.0023087,0.00098785,0.15099,0.0027044
0.0020647,0.00088423,0.13498,0.0024185
0.0021513,0.00092046,0.14059,0.0025199
0.002188,0.00093658,0.14299,0.0025627
0.0021701,0.00092918,0.14189,0.0025417
0.0049423,0.0021153,0.32284,0.00579
0.0032083,0.0013736,0.20987,0.003758
0.0028005,0.0011997,0.18308,0.0032806
0.0023101,0.00098953,0.15097,0.0027059
0.0022714,0.00097229,0.14849,0.0026605
0.0034229,0.0014652,0.22382,0.0040094
0.0025392,0.0010875,0.16621,0.0029743
0.0029699,0.0012717,0.19415,0.0034791
0.002236,0.00095721,0.14623,0.002619
0.00356,0.0015246,0.23251,0.0041702
0.0030118,0.0012895,0.1968,0.0035281
0.0022876,0.00097957,0.14952,0.0026798
0.0026361,0.0011282,0.17218,0.0030875
0.0025664,0.0010991,0.16765,0.0030061
0.0021834,0.00093474,0.14273,0.0025575
0.0020467,0.00087608,0.13393,0.0023972
0.0020524,0.00087831,0.13433,0.0024041
0.0068487,0.0029385,0.44712,0.0080231
0.006672,0.0028631,0.43538,0.0078159
0.0021709,0.00092957,0.14191,0.0025428
0.0020419,0.00087415,0.13359,0.0023918
0.0021883,0.00093715,0.14307,0.0025632
0.0037765,0.0016175,0.24652,0.0044234
0.0032534,0.0013924,0.21256,0.0038109
0.0026833,0.0011491,0.17547,0.003143
0.0023526,0.0010077,0.15384,0.0027559
0.0022167,0.00094932,0.14481,0.0025965
0.0044999,0.0019276,0.29379,0.0052706
0.0025085,0.0010741,0.16378,0.0029381
0.0050953,0.0021851,0.33338,0.0059686
0.0020804,0.00089098,0.13593,0.0024369
0.0020946,0.00089692,0.13679,0.0024536
0.0024375,0.0010435,0.15933,0.0028551
0.0022281,0.00095363,0.14557,0.0026097
0.0050186,0.0021443,0.32769,0.0058771
0.002044,0.00087507,0.13356,0.0023942
0.0024683,0.0010559,0.16115,0.002891
0.0050219,0.0021455,0.32792,0.0058809
0.0039523,0.0016904,0.25814,0.0046286
0.0032453,0.0013892,0.21205,0.0038008
0.0020642,0.00088398,0.13495,0.002418
0.0038384,0.0016452,0.2507,0.0044954
0.0021133,0.00090459,0.13808,0.0024753
0.0021133,0.00090462,0.13809,0.0024753
0.0046199,0.0019751,0.30099,0.0054111
0.0030648,0.0013111,0.20034,0.0035903
0.0021026,0.00090044,0.13747,0.0024629
0.0023696,0.0010149,0.1549,0.0027755
0.0021004,0.0008995,0.13732,0.0024603
0.0021009,0.0008997,0.13735,0.0024608
0.0020774,0.00088974,0.13579,0.0024333
0.0028684,0.0012276,0.18731,0.00336
0.0026045,0.0011156,0.17,0.0030507
0.0022107,0.00094621,0.14443,0.0025893
0.0080873,0.0034594,0.52841,0.0094692
0.0025112,0.0010749,0.16395,0.0029414
0.002323,0.00099474,0.152,0.0027212
0.0024997,0.0010701,0.16352,0.002928
0.0030765,0.0013166,0.20123,0.0036031
0.0020663,0.00088461,0.13512,0.0024204
0.0031509,0.0013501,0.20626,0.0036909
0.0027138,0.0011616,0.17738,0.0031787
0.0026897,0.0011527,0.17575,0.0031506
0.0026983,0.0011562,0.1763,0.0031606
0.0023017,0.00098633,0.15042,0.0026961
0.0034149,0.0014628,0.22316,0.0040001
0.0024598,0.0010532,0.16076,0.0028811
0.002464,0.001055,0.16104,0.0028861
0.0031913,0.0013662,0.20875,0.0037382
0.0024823,0.0010625,0.16224,0.0029077
0.0057592,0.0024661,0.37768,0.0067458
0.0024754,0.0010596,0.1618,0.0028996
0.0026746,0.001145,0.17464,0.0031329
0.0024608,0.0010534,0.1607,0.0028825
0.0029341,0.0012566,0.19173,0.0034369
0.00268,0.0011473,0.175,0.0031391
0.0034068,0.0014583,0.22225,0.0039902
0.0033246,0.0014227,0.21732,0.0038938
0.0027492,0.001177,0.17962,0.0032203
0.0033277,0.0014264,0.21753,0.0038983
0.0048839,0.0020903,0.31847,0.005721
0.0020862,0.00089299,0.13632,0.0024435
0.0026756,0.001146,0.17505,0.003134
0.0020986,0.00089827,0.13731,0.002458
0.0029088,0.0012454,0.19021,0.0034072
0.002608,0.0011168,0.17058,0.0030547
0.002074,0.000888,0.13558,0.0024292
0.0026111,0.0011179,0.17048,0.0030583
0.0024325,0.0010414,0.15908,0.0028493
0.0030512,0.0013056,0.19961,0.0035741
0.0033498,0.0014328,0.21915,0.0039236
0.017751,0.0075763,1.1503,0.020797
0.0022259,0.00095295,0.14552,0.0026071
0.0023813,0.001019,0.15546,0.0027893
0.0037246,0.0015933,0.24312,0.0043626
0.002415,0.0010336,0.15774,0.0028287
0.0034143,0.0014616,0.22296,0.0039993
0.0040628,0.0017391,0.2653,0.0047592
0.0042149,0.001805,0.27545,0.0049375
0.0098662,0.0042359,0.64362,0.011557
0.010064,0.0043199,0.656,0.011788
0.0038741,0.0016578,0.25347,0.0045377
0.0020505,0.00087781,0.13407,0.0024018
0.0044644,0.0019146,0.29177,0.0052294
0.0022589,0.00096703,0.14769,0.0026459
0.0071827,0.0030742,0.46803,0.008414
0.002384,0.0010201,0.1559,0.0027925
0.0023833,0.0010198,0.15586,0.0027918
0.0023838,0.00102,0.15589,0.0027923
0.0023847,0.0010204,0.15595,0.0027935
0.0022562,0.00096576,0.14747,0.0026429
0.0024808,0.0010617,0.16227,0.0029059
0.0024365,0.0010436,0.15923,0.0028538
0.0021083,0.00090249,0.13775,0.0024695
0.0025546,0.0010941,0.16704,0.0029923
0.0026054,0.001116,0.17036,0.0030515
0.002383,0.0010205,0.15589,0.0027913
0.0023291,0.00099742,0.15241,0.0027282
0.002068,0.00088564,0.13521,0.0024223
0.0020722,0.00088734,0.13549,0.0024272
0.0025464,0.0010911,0.16649,0.0029827
0.0023784,0.0010188,0.15554,0.0027858
0.0023783,0.0010188,0.15554,0.0027857
0.0024838,0.0010631,0.1623,0.0029091
0.0020585,0.00088134,0.13457,0.0024111
0.002383,0.0010209,0.15584,0.0027912
0.0027536,0.0011798,0.18007,0.0032251
0.0024247,0.0010385,0.15861,0.0028399
0.0024682,0.0010567,0.16137,0.0028908
0.0022032,0.0009433,0.14405,0.0025804
0.0026553,0.0011367,0.17354,0.0031104
0.0026638,0.0011403,0.17409,0.0031202
0.0021079,0.00090226,0.13784,0.0024688
0.0029781,0.0012749,0.19463,0.0034882
0.0024287,0.0010399,0.15873,0.0028447
0.0021422,0.00091672,0.14008,0.0025093
0.0039253,0.0016795,0.25676,0.0045987
0.0030742,0.0013162,0.20089,0.0036007
0.0021422,0.00091672,0.14008,0.0025093
0.0021421,0.00091669,0.14007,0.0025092
0.0021424,0.00091683,0.14009,0.0025096
0.0049533,0.0021213,0.32479,0.0058035
0.0032379,0.0013857,0.21209,0.0037934
0.003065,0.0013123,0.20009,0.0035897
0.002059,0.00088145,0.1347,0.0024119
0.004349,0.0018621,0.28523,0.0050958
0.0027043,0.0011575,0.17666,0.0031677
0.0023746,0.0010162,0.15507,0.0027813
0.0030341,0.0012986,0.19829,0.003554
0.0042224,0.0018085,0.27684,0.0049472
0.0026517,0.001136,0.17317,0.0031062
0.0021286,0.0009115,0.13909,0.0024933
0.0031074,0.0013298,0.20312,0.0036397
0.0022573,0.00096638,0.1474,0.0026441
0.0020911,0.00089495,0.13664,0.0024494
0.0020914,0.00089503,0.13666,0.0024496
0.002757,0.001181,0.17995,0.0032297
0.0020917,0.00089519,0.13668,0.00245
0.0020919,0.00089525,0.13669,0.0024502
0.0026222,0.0011223,0.17142,0.0030713
0.0046682,0.0019973,0.30513,0.0054671
0.0028966,0.0012407,0.18931,0.0033924
0.0027514,0.0011772,0.18002,0.0032222
0.0024709,0.0010579,0.16147,0.002894
0.0028456,0.001219,0.18599,0.0033329
0.0030099,0.0012895,0.19673,0.0035252
0.0021454,0.00091861,0.14018,0.0025128
0.0027184,0.0011642,0.17766,0.0031843
0.0027629,0.0011822,0.18079,0.0032356
0.0026571,0.0011369,0.17365,0.0031121
0.0033594,0.0014377,0.21996,0.0039352
0.0031865,0.0013649,0.20813,0.003732
0.0035329,0.0015112,0.23119,0.0041374
0.0038701,0.0016568,0.25308,0.004534
0.0029956,0.0012825,0.19605,0.0035087
0.0041955,0.0017971,0.27416,0.0049144
0.0043491,0.0018602,0.28458,0.0050952
0.0046687,0.0019979,0.30543,0.0054699
0.0020462,0.00087606,0.13372,0.0023966
0.0037223,0.001593,0.24333,0.00436
0.0037269,0.001595,0.24365,0.0043654
0.00209,0.0008944,0.13656,0.0024479
0.0024006,0.0010275,0.15687,0.0028118
0.0023939,0.0010245,0.15642,0.0028039
0.0020713,0.00088675,0.13541,0.002426
0.0026295,0.0011256,0.17187,0.0030801
0.0026464,0.0011329,0.17298,0.0031
0.0024022,0.0010281,0.15699,0.0028137
0.0022628,0.00096868,0.14785,0.0026502
0.0024606,0.0010532,0.16079,0.002882
0.0023072,0.0009877,0.15081,0.0027025
0.002322,0.00099397,0.15178,0.0027197
0.0027205,0.0011644,0.17769,0.0031864
0.0022711,0.00097283,0.14833,0.0026599
0.0021192,0.00090743,0.1384,0.0024822
0.0035548,0.0015217,0.23252,0.0041639
0.0020447,0.00087522,0.13363,0.0023949
0.0020903,0.00089465,0.1366,0.0024484
0.0022829,0.00097785,0.14913,0.0026736
0.0033402,0.0014297,0.21843,0.0039126
0.0024189,0.0010357,0.15796,0.002833
0.0029108,0.0012465,0.19049,0.0034095
0.0020766,0.00088933,0.13572,0.0024323
0.0020679,0.00088504,0.13509,0.002422
0.0020776,0.00088978,0.13578,0.0024335
0.0024126,0.0010332,0.15767,0.0028256
0.0021803,0.00093357,0.14244,0.0025538
0.0025716,0.0011007,0.16795,0.0030123
0.003643,0.0015593,0.23833,0.0042671
0.0024236,0.0010376,0.15834,0.002839
0.0023364,0.0009995,0.15285,0.0027367
0.0027637,0.0011829,0.1809,0.0032373
0.0020573,0.00088111,0.13452,0.0024098
0.002054,0.00087965,0.1343,0.002406
0.0022418,0.00096041,0.14657,0.0026259
0.0022043,0.00094397,0.14394,0.002582
0.0023607,0.0010107,0.15429,0.0027653
0.0020985,0.00089847,0.13714,0.0024581
0.0021718,0.00093007,0.14199,0.0025438
0.002073,0.00088764,0.13559,0.0024282
0.0020474,0.00087667,0.13388,0.0023983
0.0045005,0.001924,0.2943,0.0052713
0.0029666,0.00127,0.19365,0.0034747
0.0022016,0.0009423,0.14393,0.0025788
0.0045664,0.0019536,0.29837,0.0053478
0.0049198,0.0021062,0.32091,0.0057632
0.0048495,0.0020772,0.31612,0.0056816
0.0094827,0.0040623,0.6185,0.01111
0.0058595,0.0025101,0.38198,0.0068645
0.0022743,0.00097335,0.14888,0.002664
0.0058578,0.0025095,0.38186,0.0068625
0.0058614,0.002511,0.38211,0.0068667
0.0056118,0.0024057,0.36583,0.006574
0.003115,0.0013333,0.20375,0.0036485
0.0058891,0.0025233,0.38382,0.0068994
0.0020723,0.00088712,0.13549,0.0024273
0.0020711,0.00088663,0.13542,0.0024259
0.005936,0.0025435,0.38678,0.0069542
0.0020923,0.00089597,0.13684,0.0024508
0.0020645,0.00088394,0.13499,0.0024181
0.0020635,0.00088348,0.13493,0.002417
0.0020654,0.00088436,0.13506,0.0024193
0.0021615,0.00092552,0.1412,0.0025318
0.0021524,0.00092162,0.1406,0.0025211
0.0024072,0.0010308,0.15744,0.0028195
0.012083,0.0051808,0.78745,0.014158
0.0021658,0.00092736,0.14147,0.0025368
0.0021681,0.00092836,0.14163,0.0025396
0.002409,0.0010316,0.15756,0.0028217
0.0023257,0.00099559,0.15207,0.002724
0.002047,0.00087672,0.13376,0.0023977
0.0037107,0.0015886,0.24237,0.004346
0.0022142,0.00094836,0.14476,0.0025936
0.0022436,0.00096091,0.14667,0.0026281
0.0038607,0.001653,0.2525,0.0045219
0.0021389,0.0009158,0.13978,0.0025053
0.0021541,0.00092238,0.14082,0.0025231
0.0023032,0.00098632,0.15058,0.0026977
0.0021153,0.00090569,0.13823,0.0024775
0.0021474,0.00091953,0.14038,0.0025153
0.0021559,0.00092317,0.14086,0.0025251
0.0035176,0.0015055,0.22999,0.0041197
0.0022777,0.00097537,0.1489,0.0026678
0.0021255,0.00090996,0.13887,0.0024896
0.0062835,0.0026928,0.40954,0.0073627
0.0021921,0.00093879,0.14327,0.0025676
0.0022755,0.00097422,0.14877,0.0026652
0.0022728,0.00097303,0.14862,0.0026621
0.002525,0.0010803,0.16523,0.0029575
0.0035686,0.0015263,0.23359,0.0041798
0.0023247,0.00099551,0.15208,0.0027231
0.0022506,0.00096391,0.14712,0.0026361
0.0026551,0.0011367,0.17362,0.0031096
0.0020848,0.00089295,0.13632,0.0024419
0.0025344,0.0010852,0.16569,0.0029684
0.0029822,0.0012776,0.1951,0.0034932
0.0020529,0.00087892,0.13411,0.0024046
0.0021972,0.00094101,0.14368,0.0025737
0.0034399,0.0014735,0.22459,0.0040291
0.002439,0.0010448,0.15943,0.002857
0.0022266,0.00095338,0.14549,0.0026081
0.0020472,0.00087647,0.1337,0.002398
0.0020732,0.00088804,0.13546,0.0024284
0.0025619,0.0010975,0.16738,0.0030009
0.0024757,0.0010605,0.1617,0.0028999
0.0029178,0.00125,0.19063,0.0034178
0.0020996,0.00089913,0.13721,0.0024593
0.0021232,0.00090902,0.1387,0.002487
0.0021192,0.00090726,0.13847,0.0024823
0.002107,0.00090205,0.13769,0.0024679
0.0026982,0.0011556,0.17639,0.0031607
0.0022497,0.00096359,0.14711,0.0026353
0.0021906,0.00093741,0.14308,0.0025658
0.0022541,0.00096502,0.14738,0.0026404
0.012564,0.0053734,0.81947,0.014715
0.0024638,0.0010544,0.1609,0.0028857
0.0020639,0.00088357,0.13496,0.0024174
0.0036684,0.0015725,0.23965,0.0042974
0.0022834,0.00097798,0.14921,0.0026746
0.0024752,0.0010605,0.16178,0.0028992
0.0023237,0.0009946,0.15191,0.0027215
0.0020501,0.000878,0.13395,0.0024013
0.0037037,0.0015874,0.24197,0.0043387
0.0020575,0.00088113,0.13442,0.0024099
0.0024124,0.0010333,0.15774,0.0028257
0.002968,0.0012715,0.19408,0.0034763
0.0022737,0.00097332,0.14859,0.0026631
0.0021844,0.00093542,0.14278,0.0025587
0.0030589,0.0013114,0.19989,0.0035832
0.0022684,0.00097071,0.14833,0.002657
0.0023113,0.00098894,0.15116,0.0027072
0.0029602,0.0012676,0.1935,0.0034677
0.0022139,0.00094758,0.14472,0.0025932
0.0030673,0.0013137,0.20017,0.0035929
0.0023955,0.0010258,0.15648,0.0028058
0.026477,0.011378,1.7381,0.030984
0.0020707,0.00088661,0.13537,0.0024252
0.0021422,0.00091729,0.14001,0.0025088
0.01603,0.0068831,1.0477,0.018773
0.0058464,0.0025038,0.38219,0.0068474
0.0028556,0.0012231,0.18678,0.0033447
0.003169,0.0013577,0.20712,0.0037116
0.0034516,0.0014791,0.22533,0.0040429
0.0034421,0.0014751,0.22469,0.0040317
0.0030398,0.0013019,0.19858,0.0035602
0.0021431,0.00091736,0.14012,0.0025103
0.0025772,0.0011031,0.16847,0.0030186
0.002169,0.00092848,0.14181,0.0025406
0.0022336,0.00095619,0.14605,0.0026161
0.0027841,0.0011924,0.18194,0.0032607
0.0021864,0.00093593,0.14306,0.002561
0.0021356,0.00091451,0.13963,0.0025015
0.0020703,0.0008865,0.1353,0.0024248
0.0054378,0.0023251,0.35562,0.0063695
0.0028778,0.0012339,0.18809,0.0033707
0.0023153,0.00099152,0.15145,0.0027119
0.0022338,0.00095595,0.14611,0.0026166
0.0031116,0.0013339,0.20338,0.0036445
0.0024251,0.0010386,0.15851,0.0028406
0.002729,0.0011684,0.17863,0.0031965
0.002195,0.00094037,0.14357,0.002571
0.002049,0.00087773,0.13396,0.0023999
0.0021382,0.00091582,0.1398,0.0025046
0.0020835,0.0008919,0.13625,0.0024406
0.0037918,0.001623,0.24805,0.0044419
0.0022675,0.00097097,0.14817,0.002656
0.0020485,0.00087727,0.13388,0.0023994
0.0020767,0.00088904,0.13566,0.0024325
0.0022827,0.00097758,0.14934,0.0026737
0.012279,0.0052666,0.80289,0.014383
0.0020517,0.00087849,0.13414,0.002403
0.0020894,0.00089451,0.13662,0.0024472
0.0022246,0.00095291,0.14538,0.0026057
0.0030102,0.0012893,0.1968,0.0035262
0.0021674,0.00092831,0.1417,0.0025387
0.0034698,0.001487,0.2267,0.0040644
0.0034968,0.0014987,0.22844,0.0040961
0.002543,0.0010888,0.1663,0.0029787
0.0020625,0.00088342,0.13479,0.0024159
0.0023943,0.0010254,0.15651,0.0028046
0.0023931,0.001025,0.15644,0.0028032
0.0025946,0.0011113,0.16957,0.0030391
0.0021457,0.00091888,0.14011,0.002513
0.0020668,0.00088488,0.13513,0.0024208
0.0020744,0.00088826,0.13563,0.0024296
0.0032651,0.0013997,0.21344,0.0038249
0.0032449,0.0013911,0.2121,0.0038011
0.0022533,0.00096472,0.14716,0.0026391
0.0028841,0.0012353,0.1885,0.0033783
0.0021008,0.00089916,0.13734,0.0024605
0.0022067,0.00094528,0.14423,0.0025847
0.0023135,0.00099028,0.15123,0.0027099
0.0030419,0.0013027,0.19895,0.0035633
0.0024554,0.001051,0.16054,0.0028762
0.0039512,0.00169,0.2586,0.0046277
0.0024558,0.0010511,0.16056,0.0028766
0.0030561,0.0013091,0.19977,0.0035792
0.0020706,0.0008864,0.13545,0.0024253
0.0023041,0.00098586,0.15068,0.0026988
0.002378,0.0010185,0.15555,0.0027854
0.0024519,0.0010494,0.16031,0.002872
0.0023577,0.0010098,0.15421,0.0027617
0.0022408,0.00095902,0.14657,0.0026246
0.0022319,0.00095527,0.14598,0.0026142
0.0022613,0.00096787,0.14791,0.0026487
0.00249,0.0010657,0.16278,0.0029167
0.0022616,0.00096799,0.14793,0.0026491
0.0021897,0.00093705,0.14321,0.0025649
0.0020494,0.0008773,0.13401,0.0024005
0.0029004,0.0012422,0.18958,0.003397
0.002729,0.0011676,0.17822,0.0031966
0.0024948,0.0010678,0.1631,0.0029223
0.0020705,0.00088654,0.13538,0.0024254
0.0020841,0.0008923,0.13631,0.0024411
0.0021725,0.00092989,0.14202,0.0025448
0.0026719,0.0011436,0.17477,0.0031297
0.0029199,0.0012507,0.1909,0.0034203
0.0021301,0.00091174,0.13926,0.0024948
0.0036549,0.0015633,0.23895,0.0042806
0.0021121,0.0009041,0.13808,0.0024737
0.0021205,0.00090786,0.13857,0.0024837
0.0027144,0.0011622,0.17748,0.0031794
0.0022828,0.00097732,0.14925,0.0026742
0.0027288,0.0011687,0.17837,0.0031964
0.0020565,0.00088082,0.13446,0.0024089
0.0020461,0.00087615,0.13377,0.0023965
0.0020546,0.00087998,0.13432,0.0024066
0.0045987,0.0019676,0.30043,0.0053854
0.002408,0.0010312,0.15741,0.0028206
0.0022062,0.00094447,0.14415,0.002584
0.0033099,0.0014171,0.21621,0.0038764
0.002428,0.0010397,0.1586,0.0028439
0.002324,0.00099535,0.15178,0.0027222
0.0020812,0.00089107,0.13609,0.0024377
0.0021173,0.00090659,0.13834,0.0024801
0.002297,0.00098327,0.15013,0.0026905
0.0020917,0.00089559,0.13677,0.0024499
0.0027356,0.0011713,0.17878,0.0032044
0.003011,0.0012877,0.19707,0.0035265
0.022613,0.0096393,1.4709,0.026473
0.0021061,0.00090171,0.13759,0.0024669
0.0030722,0.0013139,0.20108,0.0035981
0.0021026,0.0009002,0.13743,0.0024629
0.0032603,0.0013957,0.21295,0.0038189
0.0032624,0.0013967,0.21309,0.0038215
0.0024011,0.0010271,0.15694,0.0028124
0.0020493,0.00087751,0.13387,0.0024004
0.0026419,0.0011311,0.1726,0.0030944
0.0022704,0.00097217,0.14834,0.0026593
0.0023001,0.00098411,0.15035,0.0026942
0.0020611,0.00088273,0.13466,0.0024143
0.0020591,0.00088183,0.13455,0.0024119
0.0042505,0.0018196,0.27807,0.0049791
0.0037309,0.0015972,0.24413,0.0043702
0.0027704,0.0011857,0.18127,0.0032452
0.0027227,0.0011653,0.17785,0.0031895
0.0020662,0.00088466,0.13507,0.0024201
0.0021459,0.00091933,0.14026,0.0025133
0.0021529,0.0009222,0.14081,0.0025217
0.0058724,0.0025171,0.38399,0.0068787
0.0020649,0.00088442,0.13499,0.0024187
0.0020685,0.00088586,0.13523,0.0024228
0.0037442,0.0016037,0.24455,0.0043854
0.0024982,0.0010695,0.16325,0.0029261
0.0021543,0.00092301,0.1408,0.0025233
0.002578,0.001103,0.16829,0.0030195
0.0020779,0.00088965,0.13581,0.0024338
0.0025841,0.0011058,0.16866,0.0030267
0.0020409,0.00087368,0.13338,0.0023905
0.0028589,0.0012244,0.18709,0.0033491
0.0050988,0.002181,0.33344,0.005973
0.0022936,0.00098192,0.15007,0.0026866
0.0029853,0.0012773,0.19536,0.0034966
0.0023773,0.0010177,0.15548,0.0027848
0.005477,0.0023451,0.35889,0.0064149
0.0031543,0.0013502,0.20647,0.0036955
0.0020682,0.00088552,0.13525,0.0024225
0.0053387,0.0022852,0.34981,0.006253
0.0027564,0.0011802,0.17983,0.0032287
0.002073,0.00088763,0.13552,0.0024282
0.0021227,0.00090914,0.13872,0.0024863
0.0021998,0.000942,0.14373,0.0025766
0.0025268,0.0010821,0.1651,0.0029597
0.0029116,0.001247,0.18982,0.0034104
0.0026903,0.0011518,0.1758,0.0031509
0.0027874,0.0011934,0.18249,0.0032652
0.0024026,0.0010283,0.15724,0.0028142
0.0021256,0.00091008,0.139,0.0024896
0.0020675,0.00088496,0.13532,0.0024216
0.0044156,0.0018915,0.28908,0.0051717
0.013032,0.0055662,0.84982,0.015278
0.0055975,0.0023962,0.36598,0.0065549
0.0055991,0.002397,0.36608,0.0065568
0.0022475,0.00096217,0.147,0.0026327
0.0026172,0.0011197,0.17113,0.0030658
0.0055978,0.0023964,0.36601,0.0065551
0.0024476,0.0010484,0.16007,0.002867
0.0021147,0.00090535,0.13826,0.0024769
0.0024635,0.0010544,0.16107,0.0028858
0.0020621,0.00088243,0.13486,0.0024152
0.0033606,0.001439,0.21939,0.0039358
0.0024606,0.0010529,0.16091,0.0028822
0.0028719,0.0012304,0.1877,0.0033635
0.0020489,0.00087706,0.13394,0.0023996
0.0022086,0.00094527,0.14444,0.0025869
0.0020554,0.00087982,0.13437,0.0024073
0.0021171,0.00090649,0.13836,0.0024797
0.0022278,0.00095372,0.14561,0.0026092
0.0022451,0.00096119,0.14674,0.0026296
0.0022534,0.00096462,0.14722,0.0026392
0.0020768,0.00088918,0.13573,0.0024324
0.0031859,0.0013648,0.20834,0.0037314
0.0021817,0.00093427,0.14258,0.0025555
0.0061144,0.0026161,0.40006,0.0071634
0.0022958,0.00098246,0.15011,0.0026888
0.0022755,0.00097374,0.14878,0.0026649
0.002167,0.00092793,0.14162,0.002538
0.0021212,0.00090815,0.13866,0.0024845
0.008458,0.0036204,0.55506,0.0099107
0.0022201,0.00095077,0.14511,0.0026003
0.0022399,0.00095843,0.14647,0.0026232
0.0059672,0.0025553,0.3902,0.0069902
0.0082755,0.0035452,0.5395,0.0096929
0.0084176,0.0036074,0.54867,0.0098587
0.0059672,0.0025554,0.39029,0.0069902
0.0022882,0.0009792,0.1496,0.0026799
0.0027436,0.001174,0.17934,0.0032136
0.0027436,0.001174,0.17934,0.0032136
0.0020503,0.00087728,0.13406,0.0024015
0.0022134,0.00094757,0.14471,0.0025925
0.0020512,0.00087771,0.13412,0.0024026
0.0027488,0.0011762,0.17969,0.0032197
0.0027497,0.0011766,0.17974,0.0032207
0.0027432,0.0011738,0.17937,0.0032132
0.0022668,0.00097099,0.14829,0.0026552
0.0030731,0.0013149,0.20077,0.0035998
0.0032277,0.0013817,0.21077,0.0037808
0.0061253,0.0026184,0.39964,0.0071751
0.0052919,0.0022629,0.34549,0.0062
0.0030059,0.0012868,0.1966,0.0035207
0.0021148,0.00090553,0.13831,0.002477
0.002396,0.001026,0.15678,0.0028066
0.0021107,0.00090375,0.13804,0.0024722
0.0029387,0.0012581,0.19217,0.0034418
0.002066,0.00088473,0.13494,0.0024198
0.002549,0.0010915,0.16642,0.0029856
0.0020571,0.00088091,0.13438,0.0024094
0.0031238,0.0013381,0.20415,0.0036593
0.0025446,0.0010892,0.16641,0.0029803
0.0020497,0.00087738,0.13396,0.0024009
0.0021087,0.00090288,0.1379,0.0024699
0.0024168,0.0010347,0.15809,0.0028307
0.0022318,0.00095567,0.14583,0.0026142
0.0041952,0.0017969,0.27344,0.0049128
0.0041911,0.0017951,0.27315,0.004908
0.0042,0.001799,0.27374,0.0049184
0.0021875,0.00093657,0.14293,0.0025621
0.0032089,0.0013735,0.2096,0.0037586
0.0022659,0.00097009,0.14813,0.0026543
0.0023942,0.0010249,0.15665,0.0028043
0.0020789,0.00088997,0.1358,0.0024351
0.0022686,0.00097109,0.1483,0.0026573
0.0021365,0.00091487,0.13969,0.0025026
0.0025514,0.0010922,0.16697,0.0029884
0.0037121,0.0015892,0.24235,0.0043482
0.0020787,0.00088988,0.13579,0.0024348
0.0028383,0.0012151,0.18568,0.0033244
0.0025501,0.0010916,0.16688,0.0029868
0.002488,0.0010656,0.1627,0.0029143
0.0020459,0.00087579,0.13373,0.0023965
0.0021849,0.00093548,0.14278,0.0025593
0.0022466,0.00096165,0.14684,0.0026313
0.002724,0.0011657,0.1781,0.0031904
0.0020922,0.00089539,0.13679,0.0024505
0.0020696,0.00088632,0.13525,0.0024242
0.0021909,0.00093808,0.14317,0.0025664
0.00207,0.0008865,0.13527,0.0024247
0.0021222,0.00090863,0.1388,0.0024858
0.00437,0.0018691,0.28655,0.0051179
0.0020869,0.00089345,0.13647,0.0024445
0.0028772,0.0012319,0.18824,0.0033704
0.0020624,0.00088298,0.1349,0.0024157
0.002218,0.00094936,0.14502,0.0025979
0.0022171,0.00094898,0.14496,0.0025969
0.0026984,0.0011549,0.17647,0.0031608
0.0022157,0.00094879,0.14479,0.0025952
0.0026988,0.001155,0.17649,0.0031612
0.0026988,0.001155,0.17649,0.0031612
0.0021485,0.00092003,0.14039,0.0025164
0.0025001,0.0010702,0.16355,0.0029284
0.002122,0.00090872,0.1387,0.0024855
0.0022947,0.00098254,0.15002,0.0026879
0.0021478,0.00091951,0.14053,0.0025158
0.0038876,0.0016633,0.2543,0.0045537
0.0038775,0.0016592,0.2536,0.0045419
0.0021176,0.00090675,0.13855,0.0024805
0.0024527,0.0010502,0.16042,0.002873
0.0038749,0.001658,0.25346,0.0045388
0.0038769,0.0016588,0.25362,0.0045413
0.0020587,0.00088124,0.13466,0.0024114
0.0021115,0.00090422,0.1382,0.0024733
0.0038697,0.0016566,0.2533,0.0045331
0.0023186,0.00099301,0.15148,0.0027159
0.0038769,0.0016597,0.25376,0.0045416
0.002408,0.0010312,0.15734,0.0028207
0.0023454,0.0010041,0.15324,0.0027474
0.0023616,0.0010109,0.15431,0.0027664
0.0022529,0.00096403,0.14712,0.0026389
0.0021571,0.00092372,0.14086,0.0025265
0.0020646,0.00088393,0.13501,0.0024184
0.0023003,0.0009851,0.15038,0.0026944
0.0024163,0.001035,0.15802,0.0028302
0.002143,0.0009172,0.14015,0.0025101
0.0021135,0.0009052,0.13817,0.0024756
0.0022395,0.00095906,0.14643,0.0026234
0.0022394,0.00095902,0.14642,0.0026232
0.0021488,0.00091988,0.1405,0.002517
0.0020479,0.00087708,0.13395,0.002399
0.00266,0.0011387,0.174,0.0031154
0.0022345,0.00095688,0.1461,0.0026174
0.0022344,0.00095686,0.14609,0.0026174
0.0034749,0.0014883,0.22703,0.0040705
0.0022335,0.00095649,0.14603,0.0026163
0.0034744,0.001488,0.22698,0.0040699
0.0020449,0.00087574,0.13372,0.0023952
0.0021712,0.00092992,0.14193,0.0025433
0.0035177,0.0015063,0.22971,0.0041205
0.0023296,0.00099738,0.15222,0.0027286
0.002199,0.00094146,0.14376,0.0025758
0.0020784,0.00088991,0.13587,0.0024347
0.0035176,0.0015063,0.2297,0.0041205
0.0021975,0.00094082,0.14366,0.0025741
0.0037588,0.0016115,0.24527,0.0044027
0.0021984,0.00094121,0.1437,0.0025751
0.0021291,0.00091208,0.13917,0.0024939
0.0037766,0.001619,0.24643,0.0044235
0.0026607,0.0011391,0.17404,0.0031163
0.0026576,0.0011377,0.17383,0.0031126
0.004328,0.0018535,0.28299,0.0050689
0.0029223,0.0012513,0.19092,0.0034231
0.0021975,0.00094082,0.14365,0.0025741
0.0022735,0.00097392,0.14866,0.0026632
0.002197,0.00094066,0.14363,0.0025735
0.0020811,0.00089126,0.13593,0.0024376
0.0021974,0.00094081,0.14365,0.002574
0.0021972,0.00094074,0.14364,0.0025738
0.0021974,0.00094082,0.14365,0.002574
0.0021741,0.00093085,0.14212,0.0025467
0.0021969,0.0009406,0.14361,0.0025734
0.0021968,0.00094057,0.14361,0.0025733
0.0021969,0.00094061,0.14362,0.0025734
0.0021969,0.00094061,0.14362,0.0025734
0.004226,0.0018109,0.27574,0.0049501
0.0021971,0.00094067,0.14363,0.0025736
0.0021969,0.00094059,0.14362,0.0025734
0.0021985,0.00094129,0.14372,0.0025753
0.0021693,0.0009287,0.14174,0.0025412
0.0021963,0.00094042,0.14356,0.0025727
0.0021947,0.00093975,0.14346,0.0025708
0.0026771,0.0011459,0.17514,0.0031354
0.0020462,0.00087622,0.13371,0.002397
0.0021945,0.00093963,0.14344,0.0025705
0.0026785,0.0011465,0.17525,0.0031371
0.0026787,0.0011466,0.17526,0.0031374
0.0021949,0.00093982,0.14347,0.0025711
0.0026793,0.0011468,0.17529,0.003138
0.0026791,0.0011468,0.17529,0.0031379
0.0021675,0.00092792,0.14162,0.0025391
0.0020686,0.00088555,0.13519,0.0024232
0.002168,0.00092816,0.14166,0.0025397
0.0027462,0.0011772,0.17929,0.0032169
0.0020932,0.00089626,0.13684,0.0024518
0.0027821,0.0011897,0.18189,0.0032587
0.0029189,0.0012484,0.1909,0.0034188
0.0022315,0.00095539,0.14594,0.0026138
0.002388,0.0010221,0.156,0.0027968
0.0024403,0.0010449,0.15964,0.0028585
0.0022613,0.00096845,0.14786,0.0026486
0.0020633,0.00088335,0.13485,0.0024168
0.002987,0.001279,0.19532,0.0034987
0.0026374,0.0011297,0.17242,0.0030894
0.002147,0.00091919,0.14035,0.0025148
0.0021441,0.00091791,0.14014,0.0025115
0.0024094,0.0010317,0.15757,0.0028223
0.0020686,0.00088563,0.13518,0.0024229
0.0024158,0.0010346,0.15789,0.0028297
0.0025822,0.0011052,0.16875,0.0030244
0.0021422,0.00091687,0.14004,0.0025091
0.0021429,0.00091721,0.14009,0.00251
0.0020818,0.00089088,0.13599,0.0024385
0.0021433,0.00091737,0.14011,0.0025105
0.0021431,0.00091728,0.1401,0.0025102
0.0021443,0.0009178,0.14018,0.0025116
0.0021863,0.00093551,0.14292,0.0025608
0.0021528,0.00092128,0.14069,0.0025216
0.0021526,0.00092122,0.14068,0.0025214
0.002074,0.00088777,0.13556,0.0024293
0.003985,0.0017055,0.26058,0.0046681
0.002172,0.00092947,0.14195,0.0025441
0.0034288,0.001468,0.22421,0.0040157
0.0021442,0.00091781,0.14019,0.0025115
0.0026896,0.0011515,0.17559,0.0031502
0.0039845,0.0017054,0.26054,0.0046676
0.0026896,0.0011515,0.17558,0.0031502
0.0026952,0.001154,0.17596,0.0031569
0.0022036,0.00094286,0.14397,0.0025809
0.0021943,0.00093889,0.14338,0.0025701
0.0021886,0.00093647,0.14302,0.0025635
0.0021873,0.0009359,0.14293,0.0025619
0.0030104,0.0012881,0.19682,0.0035263
0.0024838,0.0010631,0.16245,0.0029095
0.0024832,0.0010628,0.16241,0.0029088
0.0020749,0.0008883,0.13562,0.0024306
0.0032278,0.0013818,0.21103,0.0037804
0.0020752,0.00088839,0.13564,0.0024308
0.0040925,0.001752,0.26736,0.0047939
0.0025629,0.0010977,0.16742,0.0030021
0.002565,0.0010985,0.16756,0.0030045
0.0040926,0.001752,0.26736,0.004794
0.0021966,0.00094067,0.14355,0.0025732
0.0021973,0.00094096,0.1436,0.0025741
0.0021725,0.00093024,0.14202,0.0025449
0.0022209,0.00095095,0.14511,0.0026018
0.0022193,0.00095029,0.145,0.0026
0.0035617,0.0015262,0.23284,0.0041722
0.0029664,0.0012711,0.19395,0.0034749
0.0023315,0.00099844,0.15235,0.0027312
0.0035851,0.0015363,0.23411,0.0041996
0.0035656,0.001528,0.23279,0.0041769
0.0051562,0.0022086,0.33696,0.0060407
0.0029464,0.0012616,0.19274,0.0034514
0.0033912,0.0014518,0.2216,0.0039719
0.0023905,0.0010234,0.15633,0.0028002
0.0040143,0.0017213,0.26214,0.0047015
0.0028436,0.0012175,0.18583,0.0033305
0.0035207,0.001509,0.22993,0.0041236
0.0035208,0.001509,0.22993,0.0041237
0.0037862,0.0016228,0.24718,0.0044348
0.0028395,0.0012149,0.1857,0.0033258
0.0027822,0.0011906,0.18195,0.0032589
0.0023454,0.0010042,0.1533,0.0027471
0.0027867,0.0011925,0.18225,0.0032641
0.0021145,0.00090555,0.13819,0.002477
0.0030498,0.0013053,0.19933,0.0035728
0.003693,0.0015806,0.24133,0.0043261
0.0039885,0.0017101,0.26073,0.0046721
0.010144,0.0043344,0.66627,0.011882
0.0020442,0.00087518,0.13361,0.0023945
0.0020803,0.00089052,0.13599,0.0024368
0.002046,0.00087595,0.13373,0.0023967
0.0020461,0.00087596,0.13374,0.0023967
0.0020696,0.00088612,0.13521,0.0024243
0.0034285,0.0014676,0.22402,0.004016
0.010171,0.0043449,0.66755,0.011914
0.0020764,0.00088911,0.13567,0.0024324
0.0020772,0.00088945,0.13571,0.0024333
0.002045,0.00087546,0.13367,0.0023955
0.0020453,0.00087558,0.13369,0.0023958
0.0030736,0.0013164,0.20079,0.0036
0.0020764,0.00088909,0.13566,0.0024323
0.002069,0.00088591,0.13518,0.0024236
0.0020707,0.00088667,0.13531,0.0024257
0.0020788,0.00089016,0.13584,0.0024352
0.0020757,0.00088883,0.13562,0.0024316
0.0020679,0.00088543,0.13511,0.0024224
0.0020682,0.00088554,0.13513,0.0024227
0.0020798,0.00089054,0.13591,0.0024363
0.0037818,0.0016181,0.24737,0.0044302
0.0020617,0.00088303,0.13475,0.002415
0.0020609,0.00088269,0.1347,0.002414
0.0020558,0.00088056,0.13435,0.002408
0.003719,0.001592,0.24313,0.0043563
0.0020602,0.00088252,0.13465,0.0024132
0.0038069,0.0016297,0.24882,0.0044593
0.0021234,0.0009096,0.13871,0.0024874
0.0021153,0.00090608,0.13817,0.0024779
0.0020567,0.00088096,0.13442,0.0024091
0.0037283,0.0015963,0.24378,0.0043672
0.0020628,0.00088357,0.1348,0.0024162
0.0037268,0.0015957,0.24369,0.0043656
0.0037293,0.0015967,0.24384,0.0043684
0.0037299,0.001597,0.24388,0.0043692
0.0021268,0.00091103,0.13892,0.0024914
0.0020544,0.00087994,0.13426,0.0024064
0.0028466,0.0012192,0.18592,0.0033342
0.0029343,0.0012565,0.19182,0.003437
0.0025795,0.0011052,0.16861,0.0030214
0.0029342,0.0012564,0.19183,0.003437
0.0025821,0.0011063,0.16878,0.0030245
0.0029309,0.0012551,0.19163,0.0034332
0.0025786,0.0011048,0.16856,0.0030204
0.0025691,0.0011008,0.16789,0.0030093
0.0036651,0.0015705,0.23995,0.0042925
0.0025397,0.001087,0.16579,0.0029748
0.0045734,0.0019614,0.29883,0.0053566
0.0029347,0.0012567,0.19187,0.0034376
0.0029346,0.0012567,0.19186,0.0034375
0.0029348,0.0012568,0.19187,0.0034377
0.0029362,0.0012574,0.19197,0.0034394
0.0029362,0.0012573,0.19198,0.0034394
0.0025704,0.0011012,0.16803,0.0030108
0.0025733,0.0011025,0.16822,0.0030142
0.0025736,0.0011026,0.16824,0.0030146
0.0022807,0.00097693,0.14918,0.0026716
0.0044892,0.001925,0.29333,0.0052581
0.0044711,0.0019176,0.29209,0.0052369
0.0044657,0.0019153,0.29176,0.0052307
0.0044587,0.0019122,0.2913,0.0052225
0.002593,0.001111,0.16951,0.0030373
0.0044628,0.0019139,0.29161,0.0052273
0.0044584,0.0019121,0.29123,0.005222
0.0021974,0.00094139,0.14369,0.0025739
0.0024309,0.0010412,0.15907,0.0028473
0.0024477,0.0010484,0.16015,0.002867
0.0020568,0.00088095,0.1345,0.0024092
0.003142,0.0013464,0.20568,0.00368
0.0020571,0.00088108,0.13451,0.0024095
0.0024284,0.0010401,0.15896,0.0028445
0.0030239,0.0012957,0.19788,0.0035419
0.0030006,0.0012855,0.19635,0.0035146
0.0022807,0.00097656,0.14927,0.0026715
0.024638,0.010519,1.6046,0.028875
0.0021066,0.00090227,0.13782,0.0024676
0.0020461,0.00087618,0.13376,0.0023966
0.0020784,0.00089001,0.13593,0.0024346
0.0020744,0.00088843,0.13567,0.0024299
0.0026076,0.0011161,0.17045,0.0030543
0.0022702,0.00097171,0.14833,0.0026591
0.0024996,0.0010698,0.16347,0.002928
0.0043665,0.0018695,0.28574,0.0051136
0.0021768,0.00093151,0.14227,0.0025496
0.0026442,0.0011316,0.173,0.0030973
0.0025916,0.0011093,0.16954,0.0030358
0.0020972,0.00089784,0.13713,0.0024566
0.0034244,0.0014663,0.22371,0.0040112
0.0020705,0.00088648,0.13535,0.0024252
0.0026888,0.001151,0.1758,0.0031497
0.0024566,0.0010519,0.16054,0.0028771
0.0020764,0.00088915,0.13578,0.0024321
0.0021579,0.00092379,0.14093,0.0025274
0.0030317,0.0012971,0.19795,0.0035511
0.0026222,0.0011219,0.17123,0.0030714
0.0020555,0.00088013,0.13423,0.0024075
0.0029571,0.0012659,0.19301,0.0034637
0.0021601,0.00092457,0.14122,0.0025301
0.0020541,0.0008796,0.13423,0.0024059
0.0025482,0.0010907,0.16664,0.0029847
0.0049629,0.0021284,0.32452,0.0058138
0.0020522,0.00087891,0.13417,0.0024038
0.002053,0.0008792,0.13421,0.0024048
0.0043642,0.0018674,0.28514,0.0051114
0.0023775,0.0010188,0.15535,0.0027849
0.0022133,0.00094761,0.14472,0.0025925
0.0020788,0.00089011,0.13591,0.002435
0.0068959,0.0029548,0.45171,0.0080756
0.0027556,0.0011792,0.18038,0.0032279
0.0021806,0.00093382,0.14265,0.0025541
0.0027496,0.0011766,0.17998,0.0032208
0.0021779,0.00093251,0.14232,0.0025513
0.0024939,0.0010684,0.16303,0.0029211
0.0027915,0.0011946,0.18272,0.00327
0.0027798,0.0011891,0.18179,0.003256
0.0021873,0.00093675,0.1429,0.0025622
0.0021874,0.0009368,0.14291,0.0025624
